fold,split,train_rows,eval_rows,account_points,total_return,annualized_return,annualized_volatility,sharpe_ratio,sortino_ratio,calmar_ratio,max_drawdown,turnover,annualized_turnover,average_holding_time_days,run,seed,variant
fold1,val,1241,231,231,0.0833657152272306,0.0916951987040837,0.130459080290118,0.7028655920321508,1.0992288541743669,0.94658339828005,-0.0968696460033998,0.946958226326442,1.037536839279406,230.0,drl_latent_regime_no_dir_42,42,gating
fold1,test,1241,233,233,0.190111477350946,0.2081026019367968,0.1092264970851073,1.9052391817953016,2.731862393580383,3.4409999490116183,-0.0604773626912059,23.728627161696743,25.77419846873957,18.416666666666668,drl_latent_regime_no_dir_42,42,gating
fold2,val,1240,233,233,0.1354486763686742,0.1479509401369472,0.1005281032355739,1.471737110072039,2.248077801653116,2.5868833146067387,-0.0571927381886719,89.40177483562685,97.10882439042228,4.133333333333334,drl_latent_regime_no_dir_42,42,gating
fold2,test,1240,233,233,0.0793522425586352,0.0864808965635091,0.105800483230842,0.8173960451089783,1.1563051466531589,1.400195341239627,-0.0617634511531408,55.24459539260083,60.00706051265263,7.321428571428571,drl_latent_regime_no_dir_42,42,gating
fold3,val,1239,233,233,0.144792732938298,0.1582159051555212,0.1094202724201413,1.4459469132741611,2.0191371380442016,2.3109913391561747,-0.0684623531359885,15.304087413505936,16.623405293980586,28.125,drl_latent_regime_no_dir_42,42,gating
fold3,test,1239,233,233,0.0211387728169403,0.0229818685377902,0.1544223971610463,0.1488247104066296,0.202963885773078,0.1870617511258966,-0.1228571228456156,0.9669736957025212,1.0503334970561868,232.0,drl_latent_regime_no_dir_42,42,gating
fold4,val,1239,233,233,0.0211387728169403,0.0229818685377902,0.1544223971610463,0.1488247104066296,0.202963885773078,0.1870617511258966,-0.1228571228456156,0.9669736957025212,1.0503334970561868,232.0,drl_latent_regime_no_dir_42,42,gating
fold4,test,1239,233,233,0.1531447240834189,0.1673971483091825,0.1184583750145229,1.4131305472378777,1.8968529437049149,2.783881139677682,-0.0601308532621345,0.9191553270912796,0.9983928552888036,232.0,drl_latent_regime_no_dir_42,42,gating
fold5,val,1239,233,233,-0.0160682296017692,-0.0174412740140429,0.1150400368187356,-0.1516104696795648,-0.1981375934048195,-0.2561109309229454,-0.0681004670561694,23.141098407891967,25.136020684434374,17.916666666666668,drl_latent_regime_no_dir_42,42,gating
fold5,test,1239,232,232,0.0095032114229791,0.0103716051288511,0.0625124718225404,0.1659125743466668,0.2133404891720711,0.2148587848233704,-0.0482717294402338,33.31819329958118,36.347119963179466,11.058823529411764,drl_latent_regime_no_dir_42,42,gating
fold6,val,1239,232,232,-0.046440428554824,-0.0505538019278525,0.0665691376053965,-0.759418008800437,-1.0940696588442869,-0.6058076226562025,-0.083448606516696,23.217441676965954,25.328118193053765,18.33333333333333,drl_latent_regime_no_dir_42,42,gating
fold6,test,1239,232,232,0.0608302688464468,0.0665404928700812,0.1501995324322034,0.4430139814191237,0.5875659472299088,0.6473050794693099,-0.102796185261877,113.92399189422753,124.28071843006636,2.9827586206896552,drl_latent_regime_no_dir_42,42,gating
fold7,val,1240,232,232,0.0430423168627891,0.0470459470463888,0.1653287913578889,0.2845599163944048,0.4389722517411653,0.5410732595645513,-0.0869493108645783,14.428638745328428,15.74033317672192,32.0,drl_latent_regime_no_dir_42,42,gating
fold7,test,1240,233,233,-0.2119916261074529,-0.2280110628474514,0.1153108005718268,-1.97736085186074,-2.6539966419545213,-0.888533114130355,-0.2566151550475589,22.903532806662,24.87797528999493,18.416666666666668,drl_latent_regime_no_dir_42,42,gating
fold8,val,1239,233,233,-0.1082071400446491,-0.1169680777936571,0.1169023767000094,-1.0005620167485243,-1.5044358083123608,-0.7210209680559095,-0.1622256258497425,14.956061618507942,16.245377275275867,28.125,drl_latent_regime_no_dir_42,42,gating
fold8,test,1239,93,93,-0.0723275788039645,-0.185877642536463,0.5094648499587674,-0.3648488066478122,-0.5133454629856341,-0.6467988435308613,-0.2873809135491969,5.362160531969876,14.687657109308793,29.666666666666668,drl_latent_regime_no_dir_42,42,gating
fold1,val,1241,231,231,0.1822809548779391,0.2013694560257435,0.1278244501102334,1.5753594547215826,2.5667571700290743,2.2120828661351064,-0.0910316060526118,26.921584513183376,29.496692597053087,15.5,drl_latent_regime_no_dir_42,42,no_gating
fold1,test,1241,233,233,-0.0065503281963908,-0.0071129987761505,0.1050870669575421,-0.0676867190424527,-0.1052761341564749,-0.0745210855228791,-0.0954494788453768,51.39636702435879,55.82708831956214,7.461538461538462,drl_latent_regime_no_dir_42,42,no_gating
fold2,val,1240,233,233,-0.0253006325339454,-0.0274515177027494,0.1060967960511537,-0.2587403081381829,-0.4591189823108424,-0.2720562173185684,-0.1009038424973933,49.32788519894916,53.5802890954103,8.28,drl_latent_regime_no_dir_42,42,no_gating
fold2,test,1240,233,233,0.0869733499150848,0.0948161997998355,0.0986078279035069,0.961548406609446,1.5996189790430175,1.6579697136546896,-0.0571881374062199,67.29692890560247,73.09838829401649,5.852941176470588,drl_latent_regime_no_dir_42,42,no_gating
fold3,val,1239,233,233,0.2381499296148193,0.2611621556590018,0.1077406968035375,2.423987995318281,3.591071352224483,4.952261360689389,-0.0527359395309956,13.413115839551905,14.569418929168448,31.714285714285715,drl_latent_regime_no_dir_42,42,no_gating
fold3,test,1239,233,233,0.1341023938727825,0.1464725727590763,0.1526032658979088,0.959825937520014,1.2852549044239785,1.1922188096748467,-0.1228571228456156,8.960780919334502,9.733262033070234,45.4,drl_latent_regime_no_dir_42,42,no_gating
fold4,val,1239,233,233,0.0464454117523127,0.0505489260511771,0.1526685683360145,0.3311023781917042,0.4520976488368404,0.4244154570165211,-0.1191024624939836,4.9934833426608085,5.423956044614327,76.66666666666667,drl_latent_regime_no_dir_42,42,no_gating
fold4,test,1239,233,233,0.1589218720407061,0.1737512547917499,0.1180433567586693,1.4719274304183934,1.966830687499617,3.066379231605982,-0.0566633288540601,4.915524774824044,5.339276910584737,76.66666666666667,drl_latent_regime_no_dir_42,42,no_gating
fold5,val,1239,233,233,0.0057255070120028,0.0062206173357526,0.1064021071908868,0.0584632908123967,0.0850492086577165,0.056995629328337,-0.1091420063092428,61.62004310109917,66.93211578222841,6.516129032258065,drl_latent_regime_no_dir_42,42,no_gating
fold5,test,1239,232,232,-0.0877185163537486,-0.095300789942714,0.0599429823603882,-1.5898573309173731,-2.3091956809275733,-1.0331739147056809,-0.0922408014626098,65.64378424385401,71.61140099329528,6.03030303030303,drl_latent_regime_no_dir_42,42,no_gating
fold6,val,1239,232,232,0.0364104851365827,0.0397855546125169,0.0637988950780873,0.6236088346643154,0.8860989344958184,0.9716626322550428,-0.040945852286387,114.11661001253805,124.49084728640511,3.0526315789473686,drl_latent_regime_no_dir_42,42,no_gating
fold6,test,1239,232,232,-0.1079688149305522,-0.1171861626822388,0.1554238097268064,-0.7539781896237184,-0.9809704433475483,-0.5766279700426417,-0.203226636185499,94.82300924861288,103.4432828166686,3.8333333333333335,drl_latent_regime_no_dir_42,42,no_gating
fold7,val,1240,232,232,-0.0521569797994329,-0.0567614432525416,0.1670867401787019,-0.3397124343429907,-0.420399492994791,-0.281296868584459,-0.2017848386943528,2.947722395721037,3.215697158968404,106.5,drl_latent_regime_no_dir_42,42,no_gating
fold7,test,1240,233,233,-0.0182310870049848,-0.0197870838226463,0.1164440662077188,-0.1699277985307485,-0.2096989058074055,-0.1764864909846812,-0.1121167048664584,17.289991675231658,18.780508198958525,24.444444444444443,drl_latent_regime_no_dir_42,42,no_gating
fold8,val,1239,233,233,-0.1632038636556292,-0.1759587582517663,0.1157493023725697,-1.5201712204311737,-2.357761848293933,-0.9741885422054342,-0.1806208455843865,13.3344663384938,14.483989298708783,30.428571428571427,drl_latent_regime_no_dir_42,42,no_gating
fold8,test,1239,93,93,0.0682790539993885,0.198315483335554,0.4730951109751808,0.4191873446478248,0.5551912242234409,0.873654192289455,-0.2269954005667371,5.166901930157932,14.1528183304326,27.666666666666668,drl_latent_regime_no_dir_42,42,no_gating
fold1,val,1241,231,231,0.0751533853479409,0.0826314560814445,0.1296941773538477,0.6371254112356879,0.9794466955089742,0.8744908500294921,-0.0944909327280643,15.002471042154212,16.437490011403746,27.875,drl_latent_regime_no_dir_42,42,no_sentiment
fold1,test,1241,233,233,0.1410685839164889,0.1541238516308054,0.1031085492795128,1.494772768192065,2.1050105075681738,3.09899431025482,-0.0497335058411683,100.03012057053282,108.65340682661324,3.66,drl_latent_regime_no_dir_42,42,no_sentiment
fold2,val,1240,233,233,0.0261552711695731,0.0284418128751886,0.0996266535015766,0.2854839731692737,0.4283874342939548,0.5209880516080275,-0.0545920636517538,53.30250208448899,57.8975453676346,6.888888888888889,drl_latent_regime_no_dir_42,42,no_sentiment
fold2,test,1240,233,233,0.1856410789402738,0.2031742177019337,0.0972478241575539,2.0892417847083697,3.4605610943517253,3.517387232937375,-0.0577628234387667,59.60227088792637,64.74039768860969,5.833333333333333,drl_latent_regime_no_dir_42,42,no_sentiment
fold3,val,1239,233,233,0.1276982402780155,0.1394421766508136,0.1096207419621819,1.2720418978638162,1.643126578652799,1.8097887839186608,-0.0770488677407345,17.518836695583197,19.02908123830589,23.77777777777778,drl_latent_regime_no_dir_42,42,no_sentiment
fold3,test,1239,233,233,-0.0103197855646017,-0.0112044203433147,0.1517482732556189,-0.0738355705994817,-0.0977646341216522,-0.0911987850911531,-0.1228571228456156,2.9372427156280114,3.1904532945614608,111.5,drl_latent_regime_no_dir_42,42,no_sentiment
fold4,val,1239,233,233,0.0211387728169403,0.0229818685377902,0.1544223971610463,0.1488247104066296,0.202963885773078,0.1870617511258966,-0.1228571228456156,0.9669736957025212,1.0503334970561868,232.0,drl_latent_regime_no_dir_42,42,no_sentiment
fold4,test,1239,233,233,0.1531447240834189,0.1673971483091825,0.1184583750145229,1.4131305472378777,1.8968529437049149,2.783881139677682,-0.0601308532621345,0.9191553270912796,0.9983928552888036,232.0,drl_latent_regime_no_dir_42,42,no_sentiment
fold5,val,1239,233,233,0.1459543331966779,0.1594924935874782,0.1120555628595576,1.4233340096410432,1.947305110210316,2.9993432482554896,-0.0531758056301971,45.02277593539488,48.90404972292892,8.869565217391305,drl_latent_regime_no_dir_42,42,no_sentiment
fold5,test,1239,232,232,-0.0499312601759504,-0.0543449228623754,0.0570735227874317,-0.9521914928009813,-1.2383076896985246,-0.7998223926455741,-0.0679462382674966,21.167081281911702,23.09136139844913,18.181818181818183,drl_latent_regime_no_dir_42,42,no_sentiment
fold6,val,1239,232,232,-0.0313790162313578,-0.0341823574628279,0.0670177974339512,-0.5100489537352525,-0.7149512264434541,-0.6149775413343683,-0.0555830988374951,45.19368884628052,49.3022060141242,9.08695652173913,drl_latent_regime_no_dir_42,42,no_sentiment
fold6,test,1239,232,232,-0.1587690460752193,-0.1718874664976769,0.149311258808309,-1.1512023130040852,-1.352570607643331,-1.011464769375829,-0.1699391532972008,81.03788181005937,88.40496197461022,4.658536585365853,drl_latent_regime_no_dir_42,42,no_sentiment
fold7,val,1240,232,232,0.018678720630666,0.0203939896401115,0.1684617974029688,0.1210600263947564,0.1845566919053257,0.2345503309609286,-0.0869493108645783,11.24900789418509,12.271644975474642,37.66666666666666,drl_latent_regime_no_dir_42,42,no_sentiment
fold7,test,1240,233,233,-0.2105565470526601,-0.2264838390001466,0.1152918252276972,-1.964439703793822,-2.632722613105222,-0.8872625883277659,-0.2552613419968528,21.47911933429795,23.33076755277191,20.181818181818183,drl_latent_regime_no_dir_42,42,no_sentiment
fold8,val,1239,233,233,-0.1196388393340451,-0.1292564622069115,0.1170038024256427,-1.1047201845346482,-1.8956289111966516,-1.054714373216031,-0.1225511527000274,7.204829375795025,7.82593535646701,56.75,drl_latent_regime_no_dir_42,42,no_sentiment
fold8,test,1239,93,93,-0.115930292192769,-0.2864579517088462,0.5041787991726387,-0.568167388590964,-0.7953760191384766,-0.996788367644351,-0.2873809135491968,5.367937220751245,14.703480213362107,29.666666666666668,drl_latent_regime_no_dir_42,42,no_sentiment
fold1,val,1241,231,231,0.2597928854251963,0.2879321465653137,0.1223420630366113,2.353500827259623,3.67717196418481,4.264821992088025,-0.067513285923651,57.5426754256757,63.04675742291423,6.965517241379311,drl_latent_regime_no_dir_52,52,gating
fold1,test,1241,233,233,-0.0866775488830208,-0.0937883057033426,0.1121267940947429,-0.8364486513731502,-1.4275176702069865,-0.8420373282788464,-0.1113825985542104,9.213524526176377,10.007793881881236,45.6,drl_latent_regime_no_dir_52,52,gating
fold2,val,1240,233,233,0.136670259477363,0.1492925045426845,0.099772530538859,1.4963287363402962,2.241752656976155,2.8331497049408063,-0.0526948873482856,41.24395192475575,44.79946502171745,9.285714285714286,drl_latent_regime_no_dir_52,52,gating
fold2,test,1240,233,233,0.1167988755590387,0.1274849178575554,0.090177516192566,1.4137106813335012,2.059986277739517,2.4071493583874184,-0.0529609504343175,48.153576132032704,52.30474648824242,7.25,drl_latent_regime_no_dir_52,52,gating
fold3,val,1239,233,233,0.1343951009734898,0.1467939847295085,0.1081441823648034,1.3573914150492856,1.7491933010433094,2.2042304012902205,-0.0665964794985063,31.431041265213512,34.14061378807675,12.625,drl_latent_regime_no_dir_52,52,gating
fold3,test,1239,233,233,0.0265061351801594,0.0288237786265199,0.1543954331257185,0.1866880259537846,0.2527536459735374,0.2346121898259034,-0.1228571228456159,3.0050583586126245,3.264115113665437,114.5,drl_latent_regime_no_dir_52,52,gating
fold4,val,1239,233,233,0.0173128282138288,0.0188192733334304,0.1538614329781849,0.1223131292173701,0.1658189021954369,0.1470408305539377,-0.1279867181281131,7.140568728573428,7.756134998278035,57.25,drl_latent_regime_no_dir_52,52,gating
fold4,test,1239,233,233,0.1445378004753499,0.157935751567227,0.1174041569900458,1.3452313411748933,1.796674720798397,2.787265675371814,-0.0566633288540601,29.214010461088403,31.73245963876844,14.533333333333331,drl_latent_regime_no_dir_52,52,gating
fold5,val,1239,233,233,0.1117950561311575,0.1219987895313243,0.1161585495113811,1.0502781762040767,1.4523637132029557,2.140714285328013,-0.0569897582164408,41.023812417772696,44.56034797102897,10.095238095238097,drl_latent_regime_no_dir_52,52,gating
fold5,test,1239,232,232,0.0248988190824761,0.027192860241737,0.067386266168891,0.403537126891454,0.540369836655275,0.5002556951912468,-0.0543579223647644,44.637953608414406,48.695949390997534,9.5,drl_latent_regime_no_dir_52,52,gating
fold6,val,1239,232,232,-0.0933686377946918,-0.1014116056334796,0.0661384125293164,-1.5333238545531778,-2.2239116509192884,-1.0362618572293003,-0.0978629145963437,25.334017660652645,27.63711017525743,16.846153846153847,drl_latent_regime_no_dir_52,52,gating
fold6,test,1239,232,232,-0.1248126913793797,-0.1353557319935263,0.1547426484728694,-0.8747151049134195,-1.114600004800934,-0.8046793377257194,-0.1682107712322834,94.16699622721768,102.72763224787384,3.893617021276596,drl_latent_regime_no_dir_52,52,gating
fold7,val,1240,232,232,0.1479074897565662,0.1623929583882872,0.1707080260769148,0.9512907044869634,1.489374624852596,1.867673898430452,-0.0869493108645778,12.912544722908578,14.086412424991176,31.714285714285715,drl_latent_regime_no_dir_52,52,gating
fold7,test,1240,233,233,-0.1874418306854107,-0.2018522497554331,0.1150504269691024,-1.754467628439501,-2.289184408483353,-0.901086389786396,-0.2240098752388021,21.01622018962168,22.827963309416653,19.727272727272727,drl_latent_regime_no_dir_52,52,gating
fold8,val,1239,233,233,0.0179823137842716,0.0195475706748233,0.1150636595448764,0.1698848337706446,0.2443990185560288,0.1330330048317708,-0.1469377520228352,10.8170462291686,11.749550214441756,37.833333333333336,drl_latent_regime_no_dir_52,52,gating
fold8,test,1239,93,93,-0.0187234553953349,-0.0504548423570843,0.5080621416834329,-0.0993084078059925,-0.1361107198852473,-0.1755678264570862,-0.2873809135491969,9.499852501729055,26.021335113431768,17.4,drl_latent_regime_no_dir_52,52,gating
fold1,val,1241,231,231,0.0325445178943082,0.0357124356083315,0.1005259352651875,0.3552559398141598,0.5738933088913064,0.365326546063475,-0.097754833294065,119.59573586219317,131.03532798814206,2.85,drl_latent_regime_no_dir_52,52,no_gating
fold1,test,1241,233,233,-0.0313936970844246,-0.0340534588961576,0.0868776695527235,-0.3919702159539578,-0.6245799641424228,-0.4292232126615909,-0.079337412077492,181.18286105905432,196.80207321931763,1.5604395604395604,drl_latent_regime_no_dir_52,52,no_gating
fold2,val,1240,233,233,0.0114238753500548,0.0124147811891517,0.0999970027656687,0.1241515330038872,0.1977597634172392,0.1361210083339452,-0.0912040054735312,65.51392486668885,71.16167701036893,5.757575757575758,drl_latent_regime_no_dir_52,52,no_gating
fold2,test,1240,233,233,0.0585290245223903,0.0637322344425648,0.0984479479112663,0.6473698618889273,0.8677906957074559,1.1033817314707124,-0.0577608207792377,51.71637647814197,56.17468479522318,7.153846153846154,drl_latent_regime_no_dir_52,52,no_gating
fold3,val,1239,233,233,0.1426340259163334,0.1558438018429093,0.1061710103484195,1.4678564452902865,1.952214427659983,2.6518929449265345,-0.0587670034497666,13.263513321361591,14.406919642168628,30.571428571428573,drl_latent_regime_no_dir_52,52,no_gating
fold3,test,1239,233,233,0.0211387728169403,0.0229818685377902,0.1544223971610463,0.1488247104066296,0.202963885773078,0.1870617511258966,-0.1228571228456156,0.9669736957025212,1.0503334970561868,232.0,drl_latent_regime_no_dir_52,52,no_gating
fold4,val,1239,233,233,0.1087943410782494,0.1187098613184198,0.1465361733763996,0.8101061914145677,1.078282138605829,1.8058623175301232,-0.0657358316667127,22.700209957137734,24.657124608615124,16.166666666666668,drl_latent_regime_no_dir_52,52,no_gating
fold4,test,1239,233,233,0.153941256857939,0.1682730673061694,0.1020650671816856,1.6486842359749514,2.516407058341134,2.803468893049205,-0.0600231619203545,30.474637936591968,33.101761896643005,12.0625,drl_latent_regime_no_dir_52,52,no_gating
fold5,val,1239,233,233,0.1822978336044496,0.1994895082473999,0.1071565408810834,1.8616643147223528,2.3045158132818964,3.751508903028533,-0.0531758056301973,26.1679847369558,28.423845490141648,13.923076923076923,drl_latent_regime_no_dir_52,52,no_gating
fold5,test,1239,232,232,-0.0595865397129178,-0.0648241645411591,0.0545049815699087,-1.1893255015234676,-1.4078746274615506,-0.8200295497949744,-0.079051010487813,13.157266484161816,14.353381619085615,23.0,drl_latent_regime_no_dir_52,52,no_gating
fold6,val,1239,232,232,-0.1519131091493741,-0.1645221748898163,0.0678240819359135,-2.425719157470823,-3.540930088674616,-1.0538377709861404,-0.1561171742173018,1.0835930114750685,1.1821014670637109,231.0,drl_latent_regime_no_dir_52,52,no_gating
fold6,test,1239,232,232,0.0864244661563247,0.0946422900462071,0.1757827809250315,0.5384047831543326,0.8541241453993563,0.6966285533867985,-0.1358576096056999,7.01093481113902,7.648292521242566,57.0,drl_latent_regime_no_dir_52,52,no_gating
fold7,val,1240,232,232,0.0821277284396482,0.089920334258472,0.1733526770360363,0.5187132716720577,0.836998872807049,0.8488423698777876,-0.1059329004411246,13.117414937293717,14.309907204320416,32.142857142857146,drl_latent_regime_no_dir_52,52,no_gating
fold7,test,1240,233,233,-0.2416319981372517,-0.2595004005067364,0.1169334028384951,-2.2192153328946604,-3.037226742326327,-0.9410327335952244,-0.2757612899556774,14.774707374634708,16.04838904486184,28.125,drl_latent_regime_no_dir_52,52,no_gating
fold8,val,1239,233,233,-0.1730268033155482,-0.186460533583104,0.1182962909205435,-1.5762162290307522,-2.718247785041369,-1.060866389475818,-0.1757625045273001,1.0938602254890055,1.188158520789782,231.0,drl_latent_regime_no_dir_52,52,no_gating
fold8,test,1239,93,93,0.2032719158340166,0.6600718180822003,0.4873911572177447,1.354295842891769,2.121099459795427,3.797243118231648,-0.1738292222884037,5.319229650213735,14.570063824498494,29.666666666666668,drl_latent_regime_no_dir_52,52,no_gating
fold1,val,1241,231,231,0.087498759756466,0.0962592261104264,0.124219467263113,0.7749125658906335,1.1721411607668375,1.0041225495230386,-0.0958640219325319,50.23159368829203,55.03635482369387,8.24,drl_latent_regime_no_dir_52,52,no_sentiment
fold1,test,1241,233,233,0.2470847856357496,0.2710507048108941,0.0977435161405722,2.773081177283166,4.085954414380014,4.850474108140875,-0.0558812806269745,107.84270463124308,117.1394895132468,3.185185185185185,drl_latent_regime_no_dir_52,52,no_sentiment
fold2,val,1240,233,233,0.158296358227012,0.173063139410347,0.1042126309606268,1.6606733542283652,2.451023995293919,3.304546020320559,-0.0523712299196725,66.7075134439137,72.45816115459591,5.794117647058823,drl_latent_regime_no_dir_52,52,no_sentiment
fold2,test,1240,233,233,0.1044047057990582,0.1138999922577101,0.1028019757624678,1.1079552840587923,1.5113272154534445,1.686997855290808,-0.0675163823714973,57.18124592023497,62.11066367197937,6.931034482758621,drl_latent_regime_no_dir_52,52,no_sentiment
fold3,val,1239,233,233,0.2205565103501656,0.2417088565311316,0.1091955600832137,2.213541066568408,3.277510434352035,4.583380113841828,-0.0527359395309958,13.429082634364772,14.586762171810012,32.285714285714285,drl_latent_regime_no_dir_52,52,no_sentiment
fold3,test,1239,233,233,-0.105124665097756,-0.1136522714681753,0.1520143653447866,-0.7476416535397722,-1.0131954654921222,-0.7208798788812409,-0.1576577108027433,4.799283707394877,5.213015061480642,74.66666666666667,drl_latent_regime_no_dir_52,52,no_sentiment
fold4,val,1239,233,233,0.0211387728169403,0.0229818685377902,0.1544223971610463,0.1488247104066296,0.202963885773078,0.1870617511258966,-0.1228571228456156,0.9669736957025212,1.0503334970561868,232.0,drl_latent_regime_no_dir_52,52,no_sentiment
fold4,test,1239,233,233,0.1531447240834189,0.1673971483091825,0.1184583750145229,1.4131305472378777,1.8968529437049149,2.783881139677682,-0.0601308532621345,0.9191553270912796,0.9983928552888036,232.0,drl_latent_regime_no_dir_52,52,no_sentiment
fold5,val,1239,233,233,-0.0022896773800102,-0.0024868177339488,0.1134747194600774,-0.0219151697028322,-0.0291217376739745,-0.0256610478290639,-0.0969102177944692,41.18865516802113,44.739401303195365,10.095238095238097,drl_latent_regime_no_dir_52,52,no_sentiment
fold5,test,1239,232,232,0.0014741846804906,0.0016083091845184,0.0658195994871944,0.0244351104693578,0.0327253750114609,0.0418354099904485,-0.0384437294838434,57.222604801225664,62.42465978315526,7.0,drl_latent_regime_no_dir_52,52,no_sentiment
fold6,val,1239,232,232,0.1716834122818447,0.1886822064233435,0.06783387512535,2.7815336522449634,3.6831947660007542,6.223135163378743,-0.0303194774771534,0.9253067910127288,1.009425590195704,231.0,drl_latent_regime_no_dir_52,52,no_sentiment
fold6,test,1239,232,232,-0.0910413539527801,-0.0988949800145403,0.1697299970774617,-0.5826605886843117,-0.7460853546259779,-0.4901011426549154,-0.2017848386943532,7.026251304081273,7.665001422634115,56.75,drl_latent_regime_no_dir_52,52,no_sentiment
fold7,val,1240,232,232,0.2086076744899674,0.2296056038863103,0.1707522968652118,1.3446706609607486,2.130791412108928,2.6406834235169114,-0.0869493108645781,15.287373466026132,16.677134690210323,27.25,drl_latent_regime_no_dir_52,52,no_sentiment
fold7,test,1240,233,233,-0.2009606745851146,-0.2162656946867369,0.1121154081395506,-1.9289560487310529,-2.698292566906893,-0.9174485350770378,-0.2357251512408564,21.05329154581641,22.8682304721799,19.454545454545453,drl_latent_regime_no_dir_52,52,no_sentiment
fold8,val,1239,233,233,-0.0761780927698247,-0.0824669279036973,0.1130523320909022,-0.7294579985965086,-1.0295629842650869,-0.4877546693241902,-0.1690746046941172,14.94842296025416,16.23708011200021,28.125,drl_latent_regime_no_dir_52,52,no_sentiment
fold8,test,1239,93,93,-0.0404660308218922,-0.1069804429593728,0.5095621042184387,-0.2099458379532723,-0.2930964244572803,-0.3722600837966184,-0.2873809135491969,7.482892412365313,20.496618346913685,22.25,drl_latent_regime_no_dir_52,52,no_sentiment
fold1,val,1241,231,231,0.0726959197016758,0.07992049761224,0.1302177844138932,0.6137448734207855,0.9564640590023272,0.8250313788638711,-0.0968696460033998,5.0085400964346505,5.487617844789269,76.0,drl_latent_regime_no_dir_63,63,gating
fold1,test,1241,233,233,0.0933213259389893,0.1017629113823195,0.105013108071411,0.9690496096270064,1.4182665237489926,1.4847309418851615,-0.0685396313308532,47.27975818944208,51.35559941266985,8.708333333333334,drl_latent_regime_no_dir_63,63,gating
fold2,val,1240,233,233,-0.0722753271537183,-0.0782558093292093,0.1039611492017187,-0.7527409030210648,-1.3081193565028764,-0.6744872598822121,-0.1160226648949239,65.04011444863778,70.6470208666238,6.0606060606060606,drl_latent_regime_no_dir_63,63,gating
fold2,test,1240,233,233,0.0120698014688833,0.013117097298928,0.0924438522761193,0.1418925864290983,0.2385464162068611,0.1467462674194885,-0.0893862415009955,98.5473520271829,107.0428134088366,3.66,drl_latent_regime_no_dir_63,63,gating
fold3,val,1239,233,233,0.2458094260323262,0.269638840510197,0.0989133451000925,2.726010734318446,3.954437274204084,4.588269346431479,-0.0587670034497666,22.95636516638526,24.93536216348744,16.333333333333332,drl_latent_regime_no_dir_63,63,gating
fold3,test,1239,233,233,0.0996126058613138,0.1086510108567069,0.1483557244042422,0.7323681731393981,0.9172031490068756,0.9062629139831578,-0.1198890621918642,15.053087327727042,16.350767269772476,25.25,drl_latent_regime_no_dir_63,63,gating
fold4,val,1239,233,233,0.0211387728169403,0.0229818685377902,0.1544223971610463,0.1488247104066296,0.202963885773078,0.1870617511258966,-0.1228571228456156,0.9669736957025212,1.0503334970561868,232.0,drl_latent_regime_no_dir_63,63,gating
fold4,test,1239,233,233,0.1531447240834189,0.1673971483091825,0.1184583750145229,1.4131305472378777,1.8968529437049149,2.783881139677682,-0.0601308532621345,0.9191553270912796,0.9983928552888036,232.0,drl_latent_regime_no_dir_63,63,gating
fold5,val,1239,233,233,0.0520165264738075,0.0566254309190854,0.1133391577146883,0.4996104793863932,0.6989044039344098,0.8486171884482306,-0.0667267075071033,43.14277412317861,46.86197878896986,9.5,drl_latent_regime_no_dir_63,63,gating
fold5,test,1239,232,232,-0.0136361105243939,-0.0148664982465391,0.0629571062434868,-0.2361369372512604,-0.2980326224305231,-0.2645239961296169,-0.0562009438238434,49.2857859487798,53.76631194412341,7.4,drl_latent_regime_no_dir_63,63,gating
fold6,val,1239,232,232,-0.0249397994543371,-0.0271759753831828,0.0638346995147401,-0.4257241843350043,-0.5980957904063644,-0.4113408270919317,-0.0660668078471802,128.3386213089058,140.0057687006245,2.5625,drl_latent_regime_no_dir_63,63,gating
fold6,test,1239,232,232,-0.1753643529976257,-0.1896930415324927,0.162617359982489,-1.1664993304092457,-1.4825780999773022,-0.865091659828466,-0.2192750784004852,70.55881419958652,76.97325185409439,5.6,drl_latent_regime_no_dir_63,63,gating
fold7,val,1240,232,232,0.0089797723791145,0.0098001029833918,0.1462362851652582,0.0670155356607765,0.0911276817618859,0.047895933704831,-0.2046124216679246,107.726474617695,117.5197904920309,3.125,drl_latent_regime_no_dir_63,63,gating
fold7,test,1240,233,233,-0.1230248082475833,-0.1328935419242585,0.1050091219204891,-1.2655428356489151,-1.5194334584743368,-0.7172409725090189,-0.1852843702715093,53.78841145678819,58.42534347892511,7.321428571428571,drl_latent_regime_no_dir_63,63,gating
fold8,val,1239,233,233,-0.1110310889927456,-0.120004921711161,0.1162772940094695,-1.03205808781023,-1.5251567800819248,-0.6506570658068187,-0.1844365150516796,18.79179408427813,20.4117763329228,22.3,drl_latent_regime_no_dir_63,63,gating
fold8,test,1239,93,93,-0.0298968736503786,-0.0797781942673823,0.5054995519561054,-0.157820504407311,-0.2168142141156251,-0.2776043589050844,-0.2873809135491969,5.342433641127033,14.633622582217528,29.33333333333333,drl_latent_regime_no_dir_63,63,gating
fold1,val,1241,231,231,0.0700372860033788,0.0769882891347655,0.1223266745550994,0.6293663210805897,1.0004780666105024,0.8063811177111592,-0.0954738242796283,54.9834375727809,60.2427229058295,7.25,drl_latent_regime_no_dir_63,63,no_gating
fold1,test,1241,233,233,-0.0366685662021105,-0.0397659813441697,0.0995971121386555,-0.3992684174297041,-0.5649421237126211,-0.3510963931717354,-0.1132622895522558,127.8200349712472,138.83900350325126,2.640625,drl_latent_regime_no_dir_63,63,no_gating
fold2,val,1240,233,233,-0.1977141124469115,-0.21280619785658,0.1118119122928168,-1.903251572151596,-3.3550366226616126,-1.0546903338961058,-0.2017712602622021,1.1097253613692588,1.205391340797643,232.0,drl_latent_regime_no_dir_63,63,no_gating
fold2,test,1240,233,233,-0.1387935967134457,-0.1498157647613348,0.111027796420196,-1.349353671708855,-2.187533260382814,-0.8586347592933417,-0.1744813649107724,1.087921813781736,1.1817081770387825,232.0,drl_latent_regime_no_dir_63,63,no_gating
fold3,val,1239,233,233,0.1338537784218565,0.1461995819850545,0.1095097843713962,1.335036707671955,1.7297818451117597,1.897491634491093,-0.0770488677407346,23.513398784594727,25.540415921197724,17.666666666666668,drl_latent_regime_no_dir_63,63,no_gating
fold3,test,1239,233,233,0.039966947275281,0.0434862674043807,0.153924264328634,0.282517298972019,0.3787671406717149,0.3539580481550615,-0.1228571228456157,5.036359306926272,5.470528212695778,75.33333333333333,drl_latent_regime_no_dir_63,63,no_gating
fold4,val,1239,233,233,0.4076257907701548,0.4497323747510171,0.1401504737832519,3.208925111780539,5.865507626719554,6.243597160576314,-0.0720309724001323,40.24290548504242,43.712121475132285,10.095238095238097,drl_latent_regime_no_dir_63,63,no_gating
fold4,test,1239,233,233,0.2525194191633746,0.2770684137243073,0.1089427732189899,2.543247298904001,3.5833092274086265,4.054908771568819,-0.0683291361983247,67.77795058815214,73.62087736299284,5.852941176470588,drl_latent_regime_no_dir_63,63,no_gating
fold5,val,1239,233,233,-0.0010971127893788,-0.0011916351049674,0.1041491321430731,-0.0114416229924072,-0.0171902130102539,-0.0146376510594369,-0.0814089022978313,89.16444596275399,96.85103613195692,4.155555555555556,drl_latent_regime_no_dir_63,63,no_gating
fold5,test,1239,232,232,-0.1283270332240028,-0.1391426826550962,0.0589565195554514,-2.360089837464468,-3.4938125994000817,-1.0178575810638726,-0.136701524106804,162.4175370982488,177.18276774354413,1.829268292682927,drl_latent_regime_no_dir_63,63,no_gating
fold6,val,1239,232,232,-0.0530542867281527,-0.0577355263714475,0.0594122233858463,-0.971778584963742,-1.365742589797008,-0.7517448857228896,-0.076802020829085,79.33393118202719,86.54610674402966,4.8,drl_latent_regime_no_dir_63,63,no_gating
fold6,test,1239,232,232,-0.0838375020815052,-0.0911013341298346,0.147238629155219,-0.6187325612342913,-0.7411122093408454,-0.7024730803448967,-0.1296865839828427,85.3507926797312,93.10995565061585,4.348837209302325,drl_latent_regime_no_dir_63,63,no_gating
fold7,val,1240,232,232,-0.0234428951698458,-0.0255466202988259,0.1733466989622547,-0.1473729840358169,-0.2039584202922503,-0.1266032694236351,-0.2017848386943529,6.8709401035232665,7.495571022025381,56.25,drl_latent_regime_no_dir_63,63,no_gating
fold7,test,1240,233,233,-0.0633378222527754,-0.0686064178158841,0.1155553279610318,-0.5937105542984569,-0.7487975206312104,-0.5775150949732579,-0.1187958867448495,18.88105896293456,20.50873645973926,21.6,drl_latent_regime_no_dir_63,63,no_gating
fold8,val,1239,233,233,-0.1297814623959311,-0.1401476624856878,0.1135484319011227,-1.234254495101505,-2.0348859029609585,-1.0564407269512326,-0.1326602230587399,7.173367857811813,7.79176163865766,54.5,drl_latent_regime_no_dir_63,63,no_gating
fold8,test,1239,93,93,0.049227286176021,0.1406817458241649,0.4724015912873098,0.2978011683677918,0.3940366494354975,0.61975593105819,-0.226995400566737,5.183052733530214,14.197057487495805,27.33333333333333,drl_latent_regime_no_dir_63,63,no_gating
fold1,val,1241,231,231,0.0833657152272306,0.0916951987040837,0.130459080290118,0.7028655920321508,1.0992288541743669,0.94658339828005,-0.0968696460033998,0.946958226326442,1.037536839279406,230.0,drl_latent_regime_no_dir_63,63,no_sentiment
fold1,test,1241,233,233,0.1233131086706664,0.1346302201673326,0.107799304417561,1.2488969283683122,1.6577756351429156,2.2261258457110182,-0.0604773626912058,19.231136156306004,20.8889927215048,19.8,drl_latent_regime_no_dir_63,63,no_sentiment
fold2,val,1240,233,233,-0.0046964220857665,-0.0051002519146335,0.1034080675009693,-0.0493216055370706,-0.0895185713286859,-0.0547738747817751,-0.0931146816790583,25.071544722426527,27.23288478470468,15.615384615384617,drl_latent_regime_no_dir_63,63,no_sentiment
fold2,test,1240,233,233,0.1579784704524878,0.172713449629116,0.0967575348263886,1.78501291851859,2.840223269110374,2.3456051340096056,-0.073632789732975,29.378121960791265,31.91071868154913,13.6,drl_latent_regime_no_dir_63,63,no_sentiment
fold3,val,1239,233,233,0.1339418173656184,0.1462962520536954,0.1090067830064718,1.3420839329329597,1.787183608548191,1.8987462936635888,-0.0770488677407343,15.304572105300744,16.623931769550808,26.375,drl_latent_regime_no_dir_63,63,no_sentiment
fold3,test,1239,233,233,0.0411493402498435,0.0447750001784958,0.1535517864749629,0.2915954363435334,0.3932418316648979,0.3644477352343726,-0.1228571228456161,2.9671016731890574,3.2228863001881143,114.0,drl_latent_regime_no_dir_63,63,no_sentiment
fold4,val,1239,233,233,0.0232971442706058,0.0253307519128247,0.1543975828337417,0.1640618424713383,0.2233077907870313,0.206180572408941,-0.1228571228456162,3.013627174837024,3.273422620943664,115.5,drl_latent_regime_no_dir_63,63,no_sentiment
fold4,test,1239,233,233,0.1802212980766417,0.1972013366814524,0.1179191666481879,1.6723433711993825,2.2275724354557638,3.4802285829227686,-0.0566633288540601,7.052653101979984,7.660640438357569,57.25,drl_latent_regime_no_dir_63,63,no_sentiment
fold5,val,1239,233,233,0.105659528562378,0.1152747752733172,0.1118656488352867,1.0304751858459265,1.4654375674407556,2.1678049614326027,-0.0531758056301971,74.96339216778769,81.42575356156249,5.078947368421052,drl_latent_regime_no_dir_63,63,no_sentiment
fold5,test,1239,232,232,-0.0221225369366518,-0.0241092441316603,0.064664977757391,-0.372833100200127,-0.5515258017149738,-0.3085656030161614,-0.0781332847731496,29.01646252320118,31.654322752583106,14.466666666666669,drl_latent_regime_no_dir_63,63,no_sentiment
fold6,val,1239,232,232,-0.0166777674892537,-0.0181800654452666,0.0646678163141357,-0.2811300347139235,-0.3428450315648508,-0.2505133685461732,-0.0725712386160173,3.0529924578029624,3.3305372266941404,102.5,drl_latent_regime_no_dir_63,63,no_sentiment
fold6,test,1239,232,232,-0.1260191303059359,-0.1366559109523091,0.1695018590602054,-0.8062207205867294,-0.9542026447425318,-0.677235771708817,-0.2017848386943527,13.15678998866943,14.352861805821195,29.714285714285715,drl_latent_regime_no_dir_63,63,no_sentiment
fold7,val,1240,232,232,-0.0830214505634636,-0.0902181186507002,0.1730082762377967,-0.5214670685851879,-0.6557342589017408,-0.4471005811658383,-0.2017848386943532,8.980958275363951,9.797409027669763,45.4,drl_latent_regime_no_dir_63,63,no_sentiment
fold7,test,1240,233,233,-0.0051940232199549,-0.0056405187547515,0.1143907320854155,-0.0493092285705436,-0.0610325919010278,-0.0621642751604524,-0.0907356957061401,32.893751486434624,35.72941971802382,12.411764705882351,drl_latent_regime_no_dir_63,63,no_sentiment
fold8,val,1239,233,233,-0.1637419309578066,-0.1765342861748373,0.1136740256130956,-1.5529870190019903,-2.379282381437939,-0.865977019493643,-0.2038556245731105,12.810246966196996,13.91457860121398,31.714285714285715,drl_latent_regime_no_dir_63,63,no_sentiment
fold8,test,1239,93,93,-0.0723275788039645,-0.185877642536463,0.5094648499587674,-0.3648488066478122,-0.5133454629856341,-0.6467988435308613,-0.2873809135491969,5.362160531969876,14.687657109308793,29.666666666666668,drl_latent_regime_no_dir_63,63,no_sentiment
fold1,val,1241,231,231,0.1066818612499922,0.1174643259607028,0.1280365494401486,0.9174280818588616,1.4610634979638577,1.2126019946080964,-0.0968696460033998,11.230285014826247,12.304486190157457,37.5,drl_latent_regime_no_dir_69,69,gating
fold1,test,1241,233,233,0.1276427559915507,0.1393812817358501,0.1067753003322956,1.3053700743718952,1.9067276789315788,2.123188398038963,-0.0656471568253607,79.43854637100503,86.2866969202296,4.825,drl_latent_regime_no_dir_69,69,gating
fold2,val,1240,233,233,-0.0301477053150043,-0.032703695642255,0.0947018660065306,-0.3453331705206295,-0.4923486725079179,-0.4149171959211482,-0.0788198126367125,81.5779277891735,88.61050777099881,4.2926829268292686,drl_latent_regime_no_dir_69,69,gating
fold2,test,1240,233,233,0.1157406958091116,0.1263245651157321,0.0825397004803804,1.5304703600876193,2.4427352590621987,2.0614787132864048,-0.0612786172864942,89.43545349739068,97.14540638509678,3.2222222222222223,drl_latent_regime_no_dir_69,69,gating
fold3,val,1239,233,233,0.0942082630291312,0.1027337809401829,0.1096175444329932,0.937201991447471,1.291760947369537,1.3333587365083326,-0.0770488677407341,13.205485240028112,14.343889140030536,32.285714285714285,drl_latent_regime_no_dir_69,69,gating
fold3,test,1239,233,233,0.0276292274763267,0.0300465011763508,0.1542932218692277,0.1947363650349916,0.2638118521083277,0.2445645842944555,-0.1228571228456157,3.002112623118016,3.260915435455776,115.0,drl_latent_regime_no_dir_69,69,gating
fold4,val,1239,233,233,0.0211387728169403,0.0229818685377902,0.1544223971610463,0.1488247104066296,0.202963885773078,0.1870617511258966,-0.1228571228456156,0.9669736957025212,1.0503334970561868,232.0,drl_latent_regime_no_dir_69,69,gating
fold4,test,1239,233,233,0.0908485914850663,0.0990565362363951,0.1180513260163787,0.8390971925436205,1.1296828793411755,1.6473495861528509,-0.0601308532621345,5.05228977575351,5.487831997801227,76.33333333333333,drl_latent_regime_no_dir_69,69,gating
fold5,val,1239,233,233,0.0018785546284729,0.0020406641221961,0.1120149411065396,0.0182177850743612,0.0250136310417794,0.0356781331759748,-0.0571964937776039,49.321864410396266,53.57374927336146,8.08,drl_latent_regime_no_dir_69,69,gating
fold5,test,1239,232,232,-0.0599502858074051,-0.0652187614720778,0.0615433296239862,-1.059721043215366,-1.654225327274406,-0.8540831326925916,-0.0763611397715682,29.409541036845983,32.08313567655925,13.6,drl_latent_regime_no_dir_69,69,gating
fold6,val,1239,232,232,-0.0493790778707597,-0.0537453247632201,0.0652891773578755,-0.8231888796610346,-1.147959764146976,-0.5931045881991042,-0.0906169431708694,77.51379063485595,84.5604988743883,4.948717948717949,drl_latent_regime_no_dir_69,69,gating
fold6,test,1239,232,232,-0.1525173999474509,-0.1651715790254585,0.1630032116679117,-1.0133026051165448,-1.2898391419798296,-0.8087298983972798,-0.204235776806065,49.121683138331306,53.58729069636142,8.28,drl_latent_regime_no_dir_69,69,gating
fold7,val,1240,232,232,0.1040660539829219,0.114047475063431,0.1710378378008392,0.6667967540388976,0.9239120714122406,1.3116547322733527,-0.0869493108645783,4.901934596140836,5.3475650139718205,70.0,drl_latent_regime_no_dir_69,69,gating
fold7,test,1240,233,233,-0.2139936442448571,-0.230141227673573,0.1162995876390023,-1.9788653798837084,-2.6941562027128274,-0.9229025803099024,-0.2493667615451824,19.2883849538149,20.951176760178257,22.3,drl_latent_regime_no_dir_69,69,gating
fold8,val,1239,233,233,-0.1802896486596531,-0.194218388762597,0.1186600404116768,-1.636763211008352,-2.826123185329162,-1.0612949939583498,-0.1830013237301853,1.1035113883938503,1.1986416804967686,232.0,drl_latent_regime_no_dir_69,69,gating
fold8,test,1239,93,93,0.0881932084444205,0.2604991353825534,0.5093533933928335,0.5114310393562965,0.6839559270415111,0.9064594171037684,-0.2873809135491968,7.168856430981485,19.636432832688417,22.25,drl_latent_regime_no_dir_69,69,gating
fold1,val,1241,231,231,0.0516736347034463,0.0567541213883271,0.1289886739168115,0.4399930603591559,0.678394727858352,0.5858813749183636,-0.0968696460033999,45.59695577544944,49.95840371918808,9.043478260869565,drl_latent_regime_no_dir_69,69,no_gating
fold1,test,1241,233,233,-0.0842480175649456,-0.0911695780201468,0.1010711519994201,-0.902033628949533,-1.3278942915150131,-0.7114240304342304,-0.1281508272422282,103.9432131807124,112.90383500663587,3.480769230769231,drl_latent_regime_no_dir_69,69,no_gating
fold2,val,1240,233,233,0.0252596442558783,0.0274668457020648,0.0995913626296093,0.2757954603374277,0.4407330665744385,0.4565132536544378,-0.0601665898682891,99.1459009389195,107.69296136468844,3.66,drl_latent_regime_no_dir_69,69,no_gating
fold2,test,1240,233,233,-0.0560491292010445,-0.0607312870556591,0.1017560248266955,-0.596832346380402,-0.8377308642149118,-0.6397855298738675,-0.094924446114985,79.57798927527986,86.43816076452813,4.825,drl_latent_regime_no_dir_69,69,no_gating
fold3,val,1239,233,233,0.1979967264436528,0.2167995707207259,0.1067848449779757,2.030246621282643,2.887870480467767,4.111040263031641,-0.0527359395309958,13.362637768027064,14.514589299753537,30.571428571428573,drl_latent_regime_no_dir_69,69,no_gating
fold3,test,1239,233,233,0.0699604834412344,0.076215988865004,0.1532959683013785,0.4971819527253583,0.6745208658238339,0.6203628011114839,-0.122857122845616,4.893497763318196,5.315351018776662,76.33333333333333,drl_latent_regime_no_dir_69,69,no_gating
fold4,val,1239,233,233,0.1133506579653449,0.1237041053963818,0.1306218364354997,0.9470400108596408,1.435252233582476,2.3771927500091,-0.0520378944433127,4.849807567638811,5.267894426918019,71.0,drl_latent_regime_no_dir_69,69,no_gating
fold4,test,1239,233,233,0.1794625945032608,0.1963653942029359,0.1102123476019618,1.7817004943232018,2.384537360923977,3.0914277093422795,-0.0635193226771956,2.8674686536105134,3.114664227197627,111.0,drl_latent_regime_no_dir_69,69,no_gating
fold5,val,1239,233,233,0.0608492242348071,0.0662650786409202,0.1003987107122604,0.6600192190797538,1.0283455716112562,1.0737880274525191,-0.0617115081811157,57.47328841050171,62.42788223899324,6.724137931034483,drl_latent_regime_no_dir_69,69,no_gating
fold5,test,1239,232,232,-0.0939006060445781,-0.1019867710373927,0.0639959214705897,-1.5936448557000962,-2.366826259987894,-1.0365326067068314,-0.0983922458179246,33.55459892100785,36.60501700473584,12.352941176470589,drl_latent_regime_no_dir_69,69,no_gating
fold6,val,1239,232,232,-0.119992983388842,-0.1301599100284706,0.0623699602784773,-2.086900640104885,-3.0695997909505826,-1.0348852882847874,-0.1257723068459083,46.06109179201588,50.24846377310823,8.434782608695652,drl_latent_regime_no_dir_69,69,no_gating
fold6,test,1239,232,232,-0.1976628252842567,-0.2135663480614283,0.1563514907295404,-1.3659373957032444,-1.7595288454051752,-0.9197595214504856,-0.2321980290289667,63.42446622880092,69.19032679505554,5.65625,drl_latent_regime_no_dir_69,69,no_gating
fold7,val,1240,232,232,-0.0540291550817495,-0.0587937121938088,0.1688028489282886,-0.3482981037765882,-0.445649138324738,-0.2913683335885542,-0.2017848386943528,0.9650190609593954,1.0527480665011586,227.0,drl_latent_regime_no_dir_69,69,no_gating
fold7,test,1240,233,233,0.0425758254049772,0.0463299457526877,0.1153385500301028,0.401686563084033,0.5012769052278875,0.4438115549275714,-0.104391030919077,19.16975100822089,20.822315750308903,22.0,drl_latent_regime_no_dir_69,69,no_gating
fold8,val,1239,233,233,-0.0604090235298691,-0.0654426047643168,0.1142288426224023,-0.5729078861513597,-0.8631618892468501,-0.5716735403706291,-0.1144754831960368,17.06130712440814,18.532109462719184,24.444444444444443,drl_latent_regime_no_dir_69,69,no_gating
fold8,test,1239,93,93,-0.0226261329319964,-0.0607633667680571,0.5091399894023132,-0.119345107500568,-0.166328082084328,-0.2114384216321834,-0.2873809135491969,5.325240605261939,14.58652861441314,30.0,drl_latent_regime_no_dir_69,69,no_gating
fold1,val,1241,231,231,0.0725632702078435,0.0797741819258195,0.1301859928650378,0.6127708532247431,0.9562333967507496,0.8235209399136203,-0.0968696460033998,2.970798481344724,3.254961814342914,114.5,drl_latent_regime_no_dir_69,69,no_sentiment
fold1,test,1241,233,233,0.1768435141648532,0.1934800379164181,0.1105939548249557,1.749463053587798,2.43348640973432,2.9356688544730645,-0.0659066289515636,29.615541725006445,32.16860566681735,14.533333333333331,drl_latent_regime_no_dir_69,69,no_sentiment
fold2,val,1240,233,233,-0.1303461052777053,-0.1407536585593918,0.1054773967424903,-1.3344438041358186,-2.3791907885378456,-1.0446010915745112,-0.1347439321044897,15.010225110554371,16.304210033878025,27.25,drl_latent_regime_no_dir_69,69,no_sentiment
fold2,test,1240,233,233,-0.1073176727328832,-0.1160113825257044,0.104449335083446,-1.110695270898769,-1.7317010221900764,-0.8039051977428766,-0.1443097803714037,29.34790017282348,31.877891567032403,14.266666666666667,drl_latent_regime_no_dir_69,69,no_sentiment
fold3,val,1239,233,233,0.1550362085619154,0.1694772321418864,0.1078218474609147,1.571826453848528,2.1348157027218178,2.883884189990297,-0.0587670034497663,15.33147549603677,16.653154418108905,27.875,drl_latent_regime_no_dir_69,69,no_sentiment
fold3,test,1239,233,233,0.0211387728169403,0.0229818685377902,0.1544223971610463,0.1488247104066296,0.202963885773078,0.1870617511258966,-0.1228571228456156,0.9669736957025212,1.0503334970561868,232.0,drl_latent_regime_no_dir_69,69,no_sentiment
fold4,val,1239,233,233,0.089597788867803,0.0976877506514226,0.1534098618585647,0.6367762115677104,0.8601368625365424,0.8201992520209841,-0.1191024624939836,10.928346863430589,11.870445730967708,37.5,drl_latent_regime_no_dir_69,69,no_sentiment
fold4,test,1239,233,233,0.1313557099146978,0.1434568787279189,0.1166978806087859,1.2293014918483307,1.6103139262820505,2.1952383095649437,-0.0653491140815365,21.26628505268787,23.099585488264413,20.09090909090909,drl_latent_regime_no_dir_69,69,no_sentiment
fold5,val,1239,233,233,0.1102515306567777,0.1203069155691138,0.1146142899591038,1.0496676776695235,1.3324809331309897,2.2624371016730658,-0.0531758056301973,29.00587275023581,31.506379021807863,14.066666666666666,drl_latent_regime_no_dir_69,69,no_sentiment
fold5,test,1239,232,232,0.0098706080760961,0.0107727528854872,0.064054577364525,0.1681808440352538,0.2336255573407249,0.1484438338235794,-0.0725712386160165,19.038968268286094,20.769783565403014,20.7,drl_latent_regime_no_dir_69,69,no_sentiment
fold6,val,1239,232,232,0.0104505688474654,0.011406019085145,0.0642662189670891,0.1774807864608634,0.2632820559764161,0.2362877654770389,-0.0482717294402338,33.25917608921532,36.28273755187125,12.647058823529411,drl_latent_regime_no_dir_69,69,no_sentiment
fold6,test,1239,232,232,-0.065160543454882,-0.0708693972487136,0.1692750361354396,-0.4186641980215554,-0.5336395553520575,-0.3512126961930013,-0.2017848386943532,33.827427386111765,36.90264805757647,12.647058823529411,drl_latent_regime_no_dir_69,69,no_sentiment
fold7,val,1240,232,232,0.0036159806097724,0.003945353773296,0.1759308832641277,0.022425589527524,0.0284012572210504,0.037217881985814,-0.1060069397500881,9.129325246173352,9.959263904916384,45.4,drl_latent_regime_no_dir_69,69,no_sentiment
fold7,test,1240,233,233,-0.1637181010772279,-0.1765087979167897,0.1172078941196785,-1.505946329319425,-1.9942738004137772,-0.8735091158274835,-0.2020686386879675,21.19741692989536,23.024780458334615,20.0,drl_latent_regime_no_dir_69,69,no_sentiment
fold8,val,1239,233,233,-0.0982223946389202,-0.1062239592184172,0.1173538204383323,-0.9051597879102392,-1.2007274255265277,-0.608651730840217,-0.1745233831369865,14.960383009121108,16.250071199562584,27.75,drl_latent_regime_no_dir_69,69,no_sentiment
fold8,test,1239,93,93,-0.0249314907844329,-0.0668192040851228,0.5106599997172461,-0.1308487136688224,-0.1766958035504405,-0.2325109321280102,-0.2873809135491968,7.456014170238784,20.42299533587145,22.25,drl_latent_regime_no_dir_69,69,no_sentiment
fold1,val,1241,231,231,0.0563922746871761,0.0619501982866406,0.1299862782942809,0.4765902916797814,0.7365687289135773,0.5981215967778111,-0.1035745885458366,17.005946034241536,18.63260174186464,24.666666666666668,drl_latent_regime_no_dir_81,81,gating
fold1,test,1241,233,233,-0.0120949522721465,-0.0131307461014693,0.1008675748890253,-0.1301780687789492,-0.1910144345220323,-0.1115652184924409,-0.1176956965522281,55.31713490515607,60.08585343146263,7.321428571428571,drl_latent_regime_no_dir_81,81,gating
fold2,val,1240,233,233,0.0067368621058938,0.0073197466409649,0.1010571567253953,0.0724317493005963,0.1090869245940669,0.1321812234078973,-0.0553765992797399,57.21124858583723,62.14325277427148,6.586206896551724,drl_latent_regime_no_dir_81,81,gating
fold2,test,1240,233,233,0.1753939250345577,0.1918833102380763,0.099361254051836,1.9311683620455533,2.71221790260146,3.667157220265527,-0.0523248114854979,44.948250841545104,48.82310005202313,8.869565217391305,drl_latent_regime_no_dir_81,81,gating
fold3,val,1239,233,233,0.1959564230236208,0.2145487607468428,0.109492173888964,1.9594894605382176,3.4268863950015724,3.850149840531268,-0.0557247820560765,17.192384344149197,18.67448644278275,24.77777777777778,drl_latent_regime_no_dir_81,81,gating
fold3,test,1239,233,233,0.0964877206163814,0.1052292588558732,0.1512146997752946,0.6958930514840429,1.018858089567782,0.6909605595603022,-0.1522941612222217,14.697341046476415,15.964353205655415,27.875,drl_latent_regime_no_dir_81,81,gating
fold4,val,1239,233,233,0.0232971442706058,0.0253307519128247,0.1543975828337417,0.1640618424713383,0.2233077907870313,0.206180572408941,-0.1228571228456162,3.013627174837024,3.273422620943664,115.5,drl_latent_regime_no_dir_81,81,gating
fold4,test,1239,233,233,0.1486864468842301,0.1624955019988594,0.1179212274773828,1.378000428549015,1.8440443750888915,2.675833270507676,-0.0607270653929905,17.702833437137024,19.2289397679247,24.88888888888889,drl_latent_regime_no_dir_81,81,gating
fold5,val,1239,233,233,0.0455486362962724,0.049571058741697,0.102633394215462,0.4829915167536092,0.754674763614474,0.7648308525087323,-0.06481310028106,87.35535294781691,94.88598682262872,4.204545454545454,drl_latent_regime_no_dir_81,81,gating
fold5,test,1239,232,232,-0.1346749670265326,-0.145979507362867,0.0543246951769989,-2.687166617083472,-3.567042892531324,-1.0488646978065788,-0.1391785877321872,139.36471352820058,152.03423293985517,2.3142857142857145,drl_latent_regime_no_dir_81,81,gating
fold6,val,1239,232,232,0.0716747422484938,0.0784400173629897,0.0626534570152275,1.2519663095992513,1.5368690708002666,2.4553063937828306,-0.0319471401050437,24.315716186994027,26.52623584035712,14.75,drl_latent_regime_no_dir_81,81,gating
fold6,test,1239,232,232,-0.0697113060606247,-0.0758024552584559,0.1692049404602252,-0.447991973829362,-0.5652730804436814,-0.3756598154199046,-0.2017848386943532,11.0521080497145,12.056845145143091,36.833333333333336,drl_latent_regime_no_dir_81,81,gating
fold7,val,1240,232,232,0.0451902045662735,0.0493983112824525,0.1647535450924335,0.2998315529704569,0.4021601754558814,0.2427166510951213,-0.2035225480393316,18.403326299784577,20.076355963401355,21.6,drl_latent_regime_no_dir_81,81,gating
fold7,test,1240,233,233,-0.0222076066186814,-0.0240988073719721,0.1166635322319495,-0.2065667557884244,-0.2916140138975585,-0.2001896930939897,-0.1203798607186916,20.83882468531758,22.63527508922427,20.181818181818183,drl_latent_regime_no_dir_81,81,gating
fold8,val,1239,233,233,0.0671930149976347,0.073192708137598,0.1168951784916968,0.6261396670248206,0.7735693104530919,0.7201592941694723,-0.1016340533687174,38.91734505251295,42.27228859152269,10.65,drl_latent_regime_no_dir_81,81,gating
fold8,test,1239,93,93,0.0454230709223639,0.1293889226453006,0.5092500430147334,0.2540773916862629,0.334437358581091,0.4502349200833427,-0.2873809135491968,13.747117778994818,37.65514869898581,12.285714285714286,drl_latent_regime_no_dir_81,81,gating
fold1,val,1241,231,231,0.0790672896090081,0.0869503112449607,0.124346105548062,0.6992604300852263,1.0635841920132985,1.0480115717456595,-0.0829669381418458,55.68475137342457,61.01111889609996,7.25,drl_latent_regime_no_dir_81,81,no_gating
fold1,test,1241,233,233,-0.0492367671579497,-0.0533660704955482,0.0887582385317847,-0.6012520232297933,-0.9079916582102382,-0.3559948582022502,-0.1499068575457612,199.71313472666117,216.92978427206296,1.32,drl_latent_regime_no_dir_81,81,no_gating
fold2,val,1240,233,233,-0.0940213125552814,-0.1017002981139841,0.1023006104255166,-0.9941318794772052,-1.717556260030015,-0.7137852295151642,-0.142480250233062,41.19990175677141,44.751617425458605,9.571428571428571,drl_latent_regime_no_dir_81,81,no_gating
fold2,test,1240,233,233,0.0899275386020528,0.0980485911542452,0.0926558652893612,1.0582016675149777,1.5146496948268175,1.990521595920572,-0.0492577379492835,51.1837178559641,55.59610732630584,6.923076923076923,drl_latent_regime_no_dir_81,81,no_gating
fold3,val,1239,233,233,0.1512871357696661,0.1653546266675145,0.1082427163359244,1.5276282069118343,1.9538816103233148,2.1461006698232663,-0.0770488677407345,7.17251159399972,7.790831558999696,50.75,drl_latent_regime_no_dir_81,81,no_gating
fold3,test,1239,233,233,0.0211387728169403,0.0229818685377902,0.1544223971610463,0.1488247104066296,0.202963885773078,0.1870617511258966,-0.1228571228456156,0.9669736957025212,1.0503334970561868,232.0,drl_latent_regime_no_dir_81,81,no_gating
fold4,val,1239,233,233,0.1567363641970716,0.1713471604167336,0.1360573602896021,1.259374428932151,1.7950081976526406,2.092050682946798,-0.0819039241321721,66.02756538688537,71.7195968857548,5.617647058823529,drl_latent_regime_no_dir_81,81,no_gating
fold4,test,1239,233,233,0.1972119172521802,0.2159337503744256,0.1040692167593868,2.0749051169826247,3.353021903583932,3.0208582915348043,-0.0714809267881004,69.18956012223715,75.15417737415416,5.388888888888889,drl_latent_regime_no_dir_81,81,no_gating
fold5,val,1239,233,233,0.012071787965612,0.0131192572784062,0.1077764671749767,0.1217265477546867,0.16234424354213,0.2242774217431366,-0.0584956665563581,59.51574300829766,64.64641050901298,6.5,drl_latent_regime_no_dir_81,81,no_gating
fold5,test,1239,232,232,-0.0576293855481991,-0.0627007778420626,0.0645235796207755,-0.971749834875466,-1.5203933033788903,-0.7067381450137494,-0.0887185420575293,41.54681605626227,45.32379933410429,10.047619047619047,drl_latent_regime_no_dir_81,81,no_gating
fold6,val,1239,232,232,0.1265907234252417,0.1388648429536758,0.06732390479051,2.062637979567255,2.7358394791930736,4.143626705594329,-0.0335128747882124,26.43530060953454,28.83850975585586,15.571428571428571,drl_latent_regime_no_dir_81,81,no_gating
fold6,test,1239,232,232,0.0464231944752375,0.0507488790849661,0.155959745716632,0.3253972930756975,0.4092609613479621,0.4868116832519397,-0.1042474550856292,19.054408934778166,20.786627928848908,22.2,drl_latent_regime_no_dir_81,81,no_gating
fold7,val,1240,232,232,0.2549764945094577,0.2811573238134797,0.1601882145154116,1.755168597540174,2.934028814296594,3.4072057414089065,-0.0825184462436421,35.0919951668604,38.28217654566589,12.411764705882351,drl_latent_regime_no_dir_81,81,no_gating
fold7,test,1240,233,233,-0.2268487599329633,-0.2438079932626788,0.1129262710258805,-2.159001541871535,-2.7876008817118003,-0.8930070554295156,-0.2730191119771309,41.58101213179724,45.16558214315907,9.857142857142858,drl_latent_regime_no_dir_81,81,no_gating
fold8,val,1239,233,233,-0.1802896486596531,-0.194218388762597,0.1186600404116768,-1.636763211008352,-2.826123185329162,-1.0612949939583498,-0.1830013237301853,1.1035113883938503,1.1986416804967686,232.0,drl_latent_regime_no_dir_81,81,no_gating
fold8,test,1239,93,93,0.1036913344424768,0.3102834479654635,0.4953427566566521,0.6264015044042264,0.8856857587291759,1.6416598168098695,-0.1890059345963751,5.282203570315531,14.46864456216863,29.666666666666668,drl_latent_regime_no_dir_81,81,no_gating
fold1,val,1241,231,231,0.0833657152272306,0.0916951987040837,0.130459080290118,0.7028655920321508,1.0992288541743669,0.94658339828005,-0.0968696460033998,0.946958226326442,1.037536839279406,230.0,drl_latent_regime_no_dir_81,81,no_sentiment
fold1,test,1241,233,233,0.2226114657186815,0.2439798105262949,0.1077945412228956,2.2633781614395287,3.467010991372572,4.391105964721329,-0.0555622689332614,52.27698838514883,56.78362531490305,7.961538461538462,drl_latent_regime_no_dir_81,81,no_sentiment
fold2,val,1240,233,233,0.0966668698558237,0.1054254047330498,0.0963350750029259,1.0943615783747285,2.022275035010592,1.5711056273270432,-0.0671026841857936,64.74870420969991,70.3304890553637,5.787878787878788,drl_latent_regime_no_dir_81,81,no_sentiment
fold2,test,1240,233,233,0.0811561453179079,0.0884533912584568,0.0903883914016831,0.9785923821276208,1.4664313554196728,1.446663538523415,-0.0611430293935103,63.12766317290291,68.56970310160145,5.53125,drl_latent_regime_no_dir_81,81,no_sentiment
fold3,val,1239,233,233,0.1647925473793996,0.1802110269466914,0.1062283071097134,1.6964501445040263,2.2076013301792017,2.4232821228002206,-0.0743665069993785,21.028312542133698,22.841098106110746,17.727272727272727,drl_latent_regime_no_dir_81,81,no_sentiment
fold3,test,1239,233,233,0.0444651993275053,0.0483897473046635,0.150750415634286,0.3209924636098842,0.4087952541339564,0.4036210344795524,-0.1198890621918639,11.00889035026078,11.957932621834985,34.333333333333336,drl_latent_regime_no_dir_81,81,no_sentiment
fold4,val,1239,233,233,0.0211387728169403,0.0229818685377902,0.1544223971610463,0.1488247104066296,0.202963885773078,0.1870617511258966,-0.1228571228456156,0.9669736957025212,1.0503334970561868,232.0,drl_latent_regime_no_dir_81,81,no_sentiment
fold4,test,1239,233,233,0.1531447240834189,0.1673971483091825,0.1184583750145229,1.4131305472378777,1.8968529437049149,2.783881139677682,-0.0601308532621345,0.9191553270912796,0.9983928552888036,232.0,drl_latent_regime_no_dir_81,81,no_sentiment
fold5,val,1239,233,233,0.2243480037896879,0.2458991345911394,0.1147065998515269,2.143722635920029,3.001961438101004,4.624267214702988,-0.0531758056301971,48.32269754639304,52.4884473348752,8.2,drl_latent_regime_no_dir_81,81,no_sentiment
fold5,test,1239,232,232,-0.0486341248743769,-0.0529363526184364,0.0567284691699593,-0.9331532014346852,-1.4497122011954224,-0.5674925357930782,-0.0932811434153176,75.9316131470707,82.83448706953168,4.815789473684211,drl_latent_regime_no_dir_81,81,no_sentiment
fold6,val,1239,232,232,-0.1226816296820912,-0.1330586892863543,0.0608240077128381,-2.187601479904941,-3.060054199166916,-1.0474538478913409,-0.1270305985836212,39.85021795053181,43.47296503694378,10.15,drl_latent_regime_no_dir_81,81,no_sentiment
fold6,test,1239,232,232,-0.0554546810452449,-0.0603408927473957,0.1714974494948849,-0.3518471728012227,-0.4719778489305594,-0.2723671350675102,-0.221542487982037,43.998748003084,47.99863418518254,9.545454545454543,drl_latent_regime_no_dir_81,81,no_sentiment
fold7,val,1240,232,232,0.2736696137305618,0.3019892694320127,0.1615844801234519,1.8689249685445684,2.7822007267831763,2.926545471358968,-0.103189672734448,49.615200099454064,54.125672835768064,7.96,drl_latent_regime_no_dir_81,81,no_sentiment
fold7,test,1240,233,233,-0.065436175257316,-0.0708726238785043,0.1111057887772284,-0.6378841701993294,-0.9368361444969824,-0.5243232757508524,-0.1351697076140895,36.37803582298771,39.51407339393493,11.263157894736842,drl_latent_regime_no_dir_81,81,no_sentiment
fold8,val,1239,233,233,-0.0543868525376251,-0.0589345303496953,0.1185210736699071,-0.497249379581506,-0.6649676534116341,-0.4434163780540935,-0.1329101342812956,13.16796122984495,14.303130301383309,32.285714285714285,drl_latent_regime_no_dir_81,81,no_sentiment
fold8,test,1239,93,93,-0.0441040575490218,-0.1162241539715469,0.5089516594143711,-0.2283599077077007,-0.3067681177544111,-0.4044254454346372,-0.2873809135491969,5.399324136391754,14.78945306924698,29.0,drl_latent_regime_no_dir_81,81,no_sentiment
