variant,fold,split,train_rows_mean,train_rows_std,train_rows_min,train_rows_max,eval_rows_mean,eval_rows_std,eval_rows_min,eval_rows_max,account_points_mean,account_points_std,account_points_min,account_points_max,total_return_mean,total_return_std,total_return_min,total_return_max,annualized_return_mean,annualized_return_std,annualized_return_min,annualized_return_max,annualized_volatility_mean,annualized_volatility_std,annualized_volatility_min,annualized_volatility_max,sharpe_ratio_mean,sharpe_ratio_std,sharpe_ratio_min,sharpe_ratio_max,sortino_ratio_mean,sortino_ratio_std,sortino_ratio_min,sortino_ratio_max,calmar_ratio_mean,calmar_ratio_std,calmar_ratio_min,calmar_ratio_max,max_drawdown_mean,max_drawdown_std,max_drawdown_min,max_drawdown_max,turnover_mean,turnover_std,turnover_min,turnover_max,annualized_turnover_mean,annualized_turnover_std,annualized_turnover_min,annualized_turnover_max,average_holding_time_days_mean,average_holding_time_days_std,average_holding_time_days_min,average_holding_time_days_max
gating,fold1,test,1241.0,0.0,1241,1241,233.0,0.0,233,233,233.0,0.0,233,233,0.06246061162526374,0.11101414569832158,-0.0866775488830208,0.190111477350946,0.0684655486500309,0.12105838548437617,-0.0937883057033426,0.2081026019367968,0.10680185489451641,0.004261744559567659,0.1008675748890253,0.1121267940947429,0.6426064291284208,1.1096015139478057,-0.8364486513731502,1.9052391817953016,0.8876648983063872,1.676656708003468,-1.4275176702069865,2.731862393580383,1.2190633484328912,1.7207361807658517,-0.8420373282788464,3.4409999490116183,-0.08474848919077166,0.027438885761439387,-0.1176956965522281,-0.0604773626912059,42.995518230695254,27.434956896488334,9.213524526176377,79.43854637100503,46.70202842299658,29.80003938756492,10.007793881881236,86.2866969202296,16.974285714285717,16.812352187685292,4.825,45.6
gating,fold1,val,1241.0,0.0,1241,1241,231.0,0.0,231,231,231.0,0.0,231,231,0.1157857312582542,0.08254743012850638,0.0563922746871761,0.2597928854251963,0.12779247342579617,0.09176236980568475,0.0619501982866406,0.2879321465653137,0.12820835109501041,0.003417143569246868,0.1223420630366113,0.130459080290118,1.0128259332502405,0.7663875798527593,0.4765902916797814,2.353500827259623,1.5860994208477879,1.198270044441859,0.7365687289135773,3.67717196418481,1.5694320721235706,1.5229881341474927,0.5981215967778111,4.264821992088025,-0.0923393624959374,0.014178635233506424,-0.1035745885458366,-0.067513285923651,18.346880959500915,22.745455569453554,0.946958226326442,57.5426754256757,20.101800007801,24.921107841314324,1.037536839279406,63.04675742291423,75.02643678160919,90.26957100008893,6.965517241379311,230.0
gating,fold2,test,1240.0,0.0,1240,1240,233.0,0.0,233,233,233.0,0.0,233,233,0.0998711080860453,0.059942018426499405,0.0120698014688833,0.1753939250345577,0.10905815741476017,0.06559744659514799,0.013117097298928,0.1918833102380763,0.09406456124634874,0.008893045766118152,0.0825397004803804,0.105800483230842,1.16692760700095,0.6982116901283205,0.1418925864290983,1.9311683620455533,1.721958200452639,1.0167190769656955,0.2385464162068611,2.71221790260146,1.9365453801196932,1.2964515042395137,0.1467462674194885,3.667157220265527,-0.06354281437208918,0.015116174126044076,-0.0893862415009955,-0.0523248114854979,67.26584557815045,24.889196929820955,44.948250841545104,98.5473520271829,73.0646253693703,27.03481735480552,48.82310005202313,107.0428134088366,6.06464320220842,2.4856505019313864,3.2222222222222223,8.869565217391305
gating,fold2,val,1240.0,0.0,1240,1240,233.0,0.0,233,233,233.0,0.0,233,233,0.03528655309664168,0.09614753243115004,-0.0722753271537183,0.136670259477363,0.03872073726982646,0.10479544028696823,-0.0782558093292093,0.1492925045426845,0.1000041611416155,0.0033618839941600767,0.0947018660065306,0.1039611492017187,0.38848470443424743,1.0418167070691542,-0.7527409030210648,1.4963287363402962,0.5596898708425087,1.6185277602671693,-1.3081193565028764,2.248077801653116,0.8925619574304164,1.686707555696373,-0.6744872598822121,2.8331497049408063,-0.07202134046966677,0.026705722327449524,-0.1160226648949239,-0.0526948873482856,66.89500351680621,19.218059157873302,41.24395192475575,89.40177483562685,72.66181416480677,20.874788395621003,44.79946502171745,97.10882439042228,6.071708700606935,2.0926595119348117,4.133333333333334,9.285714285714286
gating,fold3,test,1239.0,0.0,1239,1239,233.0,0.0,233,233,233.0,0.0,233,233,0.054274892390224316,0.04005161946072804,0.0211387728169403,0.0996126058613138,0.059146483610648205,0.04372778061700758,0.0229818685377902,0.1086510108567069,0.15253629526710585,0.0027075982161454647,0.1483557244042422,0.1544223971610463,0.3917020652037694,0.2951276020791692,0.1488247104066296,0.7323681731393981,0.5311181244859201,0.4011161148073217,0.202963885773078,1.018858089567782,0.45269239975794306,0.3255509692722539,0.1870617511258966,0.9062629139831578,-0.1281509183901866,0.013557537166568333,-0.1522941612222217,-0.1198890621918642,7.344914610327324,6.925433431135389,0.9669736957025212,15.053087327727042,7.978096904321058,7.522453554509129,1.0503334970561868,16.350767269772476,102.925,84.56661575349932,25.25,232.0
gating,fold3,val,1239.0,0.0,1239,1239,233.0,0.0,233,233,233.0,0.0,233,233,0.16303238919937318,0.05879109097188141,0.0942082630291312,0.2458094260323262,0.17838625441645045,0.06473594938141017,0.1027337809401829,0.269638840510197,0.10711750364139887,0.0046247781937255985,0.0989133451000925,0.1096175444329932,1.6852081029255164,0.6860618086550845,0.937201991447471,2.726010734318446,2.4882830111325407,1.1433067320496868,1.291760947369537,3.954437274204084,2.857399932783495,1.3256466028357716,1.3333587365083326,4.588269346431479,-0.0653198971762144,0.008427337846955225,-0.0770488677407341,-0.0557247820560765,20.017872685856403,7.340077209300651,13.205485240028112,31.431041265213512,21.743551365671614,7.972842485964502,14.343889140030536,34.14061378807675,22.82936507936508,8.17909066899895,12.625,32.285714285714285
gating,fold4,test,1239.0,0.0,1239,1239,233.0,0.0,233,233,233.0,0.0,233,233,0.13807245740229682,0.02664065216805492,0.0908485914850663,0.1531447240834189,0.1508564172841693,0.029223297679823172,0.0990565362363951,0.1673971483091825,0.11805869210257063,0.0004378526738941399,0.1174041569900458,0.1184583750145229,1.2777180113486568,0.24681771884574683,0.8390971925436205,1.4131305472378777,1.7128215725276585,0.3286474558827971,1.1296828793411755,1.8968529437049149,2.535642162277541,0.49881780736263587,1.6473495861528509,2.787265675371814,-0.059556590806690825,0.0016378574103772404,-0.0607270653929905,-0.0566633288540601,10.761488865632298,12.3997563575538,0.9191553270912796,29.214010461088403,11.689203423014394,13.468700871136024,0.9983928552888036,31.73245963876844,115.95111111111112,108.49210974325833,14.533333333333331,232.0
gating,fold4,val,1239.0,0.0,1239,1239,233.0,0.0,233,233,233.0,0.0,233,233,0.0208052581870511,0.0021645010623885987,0.0173128282138288,0.0232971442706058,0.02261912617192514,0.002355129604974308,0.0188192733334304,0.0253307519128247,0.1543052414590131,0.0002483290522162506,0.1538614329781849,0.1544223971610463,0.14656982058171944,0.015079883040823423,0.1223131292173701,0.1640618424713383,0.19960367006034044,0.020839679868098617,0.1658189021954369,0.2233077907870313,0.1828813312681137,0.02167846777186586,0.1470408305539377,0.206180572408941,-0.12388304190211523,0.002294024749745264,-0.1279867181281131,-0.1228571228456156,2.6110233981036033,2.682702414251172,0.9669736957025212,7.140568728573428,2.8361116220780516,2.9139698637555838,1.0503334970561868,7.756134998278035,173.75,82.37794000823278,57.25,232.0
gating,fold5,test,1239.0,0.0,1239,1239,232.0,0.0,232,232,232.0,0.0,232,232,-0.03477186657057528,0.06438589852844905,-0.1346749670265326,0.0248988190824761,-0.037700060342179154,0.06986605985746436,-0.145979507362867,0.027192860241737,0.061744773807180665,0.004716558408499953,0.0543246951769989,0.067386266168891,-0.6827149792623954,1.2509500640608702,-2.687166617083472,0.403537126891454,-0.9531181032817813,1.684074152558082,-3.567042892531324,0.540369836655275,-0.290471469322834,0.6659766853872365,-1.0488646978065788,0.5002556951912468,-0.0748740646265194,0.03746520003788107,-0.1391785877321872,-0.0482717294402338,59.20323748436439,45.5358799226754,29.409541036845983,139.36471352820058,64.58534998294297,49.675505370191345,32.08313567655925,152.03423293985517,8.774621848739496,4.26185268633653,2.3142857142857145,13.6
gating,fold5,val,1239.0,0.0,1239,1239,233.0,0.0,233,233,233.0,0.0,233,233,0.03903410878558822,0.04980446916899308,-0.0160682296017692,0.1117950561311575,0.04255893386005198,0.05431271037111019,-0.0174412740140429,0.1219987895313243,0.11183721587336133,0.005383533576631222,0.102633394215462,0.1161585495113811,0.3798974975477751,0.4710845897430153,-0.1516104696795648,1.0502781762040767,0.5465637836777599,0.6545200645552347,-0.1981375934048195,1.4523637132029557,0.706745905707601,0.929676271456803,-0.2561109309229454,2.140714285328013,-0.06276530536767548,0.005308453837554086,-0.0681004670561694,-0.0569897582164408,48.79698046141129,23.65185017421657,23.141098407891967,87.35535294781691,53.00361670808468,25.690802775442144,25.136020684434374,94.88598682262872,9.959290043290043,5.004949757276512,4.204545454545454,17.916666666666668
gating,fold6,test,1239.0,0.0,1239,1239,232.0,0.0,232,232,232.0,0.0,232,232,-0.09231509630772684,0.09426296235459547,-0.1753643529976257,0.0608302688464468,-0.09989646298797045,0.10230274621702905,-0.1896930415324927,0.0665404928700812,0.15995353860313974,0.007487972001763405,0.1501995324322034,0.1692049404602252,-0.6118990065698896,0.6475889122906505,-1.1664993304092457,0.4430139814191237,-0.7729448759943677,0.8339071436027125,-1.4825780999773022,0.5875659472299088,-0.441371126380412,0.6395346495393479,-0.865091659828466,0.6473050794693099,-0.17926053007901277,0.04664001689518454,-0.2192750784004852,-0.102796185261877,67.7647187018155,39.99827718736422,11.0521080497145,113.92399189422753,73.92514767470782,43.634484204397324,12.056845145143091,124.28071843006636,11.517941795059917,14.294710831022233,2.9827586206896552,36.833333333333336
gating,fold6,val,1239.0,0.0,1239,1239,232.0,0.0,232,232,232.0,0.0,232,232,-0.028490640285223762,0.06126456686629538,-0.0933686377946918,0.0716747422484938,-0.030889338068949064,0.0668004014034895,-0.1014116056334796,0.0784400173629897,0.0648969768045112,0.0016319405444263529,0.0626534570152275,0.0665691376053965,-0.45793772355008044,1.0374926041758017,-1.5333238545531778,1.2519663095992513,-0.7054335587033298,1.386730476350637,-2.2239116509192884,1.5368690708002666,-0.03824170027874167,1.412713098097238,-1.0362618572293003,2.4553063937828306,-0.0739884824472266,0.02629741222198452,-0.0978629145963437,-0.0319471401050437,55.743917493674886,46.67543216962986,23.217441676965954,128.3386213089058,60.81154635673622,50.91865327595985,25.328118193053765,140.0057687006245,11.488141025641024,7.22211542728784,2.5625,18.33333333333333
gating,fold7,test,1240.0,0.0,1240,1240,233.0,0.0,233,233,233.0,0.0,233,233,-0.15173190318079707,0.08121514364532882,-0.2139936442448571,-0.0222076066186814,-0.16339937791453762,0.0872396450515621,-0.230141227673573,-0.0240988073719721,0.11366669386647402,0.004885809195107928,0.1050091219204891,0.1166635322319495,-1.4365606903242578,0.7466184095558057,-1.9788653798837084,-0.2065667557884244,-1.8896769451045194,1.0101810555167996,-2.6941562027128274,-0.2916140138975585,-0.7259905499659324,0.30512132102440304,-0.9229025803099024,-0.2001896930939897,-0.20713120456434883,0.0559474596838161,-0.2566151550475589,-0.1203798607186916,27.56707481844087,14.714167248723408,19.2883849538149,53.78841145678819,29.94354678554784,15.982629942578875,20.951176760178257,58.42534347892511,17.58943722943723,5.907547959522733,7.321428571428571,22.3
gating,fold7,val,1240.0,0.0,1240,1240,232.0,0.0,232,232,232.0,0.0,232,232,0.06983716750953303,0.05544287878197559,0.0089797723791145,0.1479074897565662,0.07653695895279027,0.060906332559252756,0.0098001029833918,0.1623929583882872,0.16361289709866692,0.01014473524651512,0.1462362851652582,0.1710378378008392,0.4538988927102999,0.3517155384031601,0.0670155356607765,0.9512907044869634,0.6691093610447539,0.5468197377957805,0.0911276817618859,1.489374624852596,0.8022028950136617,0.765663465422649,0.047895933704831,1.867673898430452,-0.1337965804601981,0.06414942308099583,-0.2046124216679246,-0.0869493108645778,31.674583796371486,42.79669335689261,4.901934596140836,107.726474617695,34.554091414223436,46.68730184388284,5.3475650139718205,117.5197904920309,31.687857142857144,24.42089316464866,3.125,70.0
gating,fold8,test,1239.0,0.0,1239,1239,93.0,0.0,93,93,93.0,0.0,93,93,0.002533674303421282,0.0638060916997968,-0.0723275788039645,0.0881932084444205,0.014755475773384884,0.17816665085295164,-0.185877642536463,0.2604991353825534,0.5083259960011745,0.0016781538711689297,0.5054995519561054,0.5094648499587674,0.028706142436288763,0.3499574756666751,-0.3648488066478122,0.5114310393562965,0.030424577727219116,0.47541399805293477,-0.5133454629856341,0.6839559270415111,0.05134466165881585,0.6199668887281591,-0.6467988435308613,0.9064594171037684,-0.28738091354919687,7.850462293418876e-17,-0.2873809135491969,-0.2873809135491968,8.224084176960455,3.5263120729734276,5.342433641127033,13.747117778994818,22.526839267326466,9.65902872162287,14.633622582217528,37.65514869898581,22.187142857142856,7.549342525171199,12.285714285714286,29.666666666666668
gating,fold8,val,1239.0,0.0,1239,1239,233.0,0.0,233,233,233.0,0.0,233,233,-0.0628705097830283,0.10199976123133517,-0.1802896486596531,0.0671930149976347,-0.06769022189099876,0.11026439173269373,-0.194218388762597,0.073192708137598,0.11675970983154578,0.0012999301430579038,0.1150636595448764,0.1186600404116768,-0.5746717629543282,0.9374080779690892,-1.636763211008352,0.6261396670248206,-0.9675494889428654,1.462342543181607,-2.826123185329162,0.7735693104530919,-0.31595614576396697,0.7257338832149169,-1.0612949939583498,0.7201592941694723,-0.15564705400463202,0.0339618275635474,-0.1844365150516796,-0.1016340533687174,16.917151674572295,13.952160877304417,1.1035113883938503,38.91734505251295,18.375526818931977,15.154933366727212,1.1986416804967686,42.27228859152269,66.18166666666666,93.21617915123724,10.65,232.0
no_gating,fold1,test,1241.0,0.0,1241,1241,233.0,0.0,233,233,233.0,0.0,233,233,-0.04161947524116424,0.028434744901562434,-0.0842480175649456,-0.0065503281963908,-0.045093617506434557,0.03075802262853959,-0.0911695780201468,-0.0071129987761505,0.09627824783602518,0.008007863274474513,0.0868776695527235,0.1050870669575421,-0.47244220092108813,0.3069193332231285,-0.902033628949533,-0.0676867190424527,-0.706136834347354,0.45137256116290253,-1.3278942915150131,-0.1052761341564749,-0.38445191599853723,0.22742842134627814,-0.7114240304342304,-0.0745210855228791,-0.11322137305262281,0.027534878264364526,-0.1499068575457612,-0.079337412077492,132.81112219240677,59.7961827451104,51.39636702435879,199.71313472666117,144.260356864166,64.95102608520612,55.82708831956214,216.92978427206296,3.2926744505494505,2.4865667835789047,1.32,7.461538461538462
no_gating,fold1,val,1241.0,0.0,1241,1241,231.0,0.0,231,231,231.0,0.0,231,231,0.0831207366176161,0.058239226723081024,0.0325445178943082,0.1822809548779391,0.09155492268042567,0.06446336193168997,0.0357124356083315,0.2013694560257435,0.12080236787907876,0.011644103147723775,0.1005259352651875,0.1289886739168115,0.7398470412121428,0.4872773801336925,0.3552559398141598,1.5753594547215826,1.1766214930805066,0.8043308262223554,0.5738933088913064,2.5667571700290743,1.0035366953147526,0.7216613375886641,0.365326546063475,2.2120828661351064,-0.09281936955431017,0.006084327707408781,-0.097754833294065,-0.0829669381418458,60.55649301940629,34.9839957477031,26.921584513183376,119.59573586219317,66.34885322126254,38.33029099313556,29.496692597053087,131.03532798814206,8.378695652173914,4.589915437566096,2.85,15.5
no_gating,fold2,test,1240.0,0.0,1240,1240,233.0,0.0,233,233,233.0,0.0,233,233,0.008117437425007538,0.10143061166029152,-0.1387935967134457,0.0899275386020528,0.00920999471593032,0.10997086916995319,-0.1498157647613348,0.0980485911542452,0.10049909247020519,0.006740433481768578,0.0926558652893612,0.111027796420196,0.14418678358481882,1.0649493982936655,-1.349353671708855,1.0582016675149777,0.19135904899591297,1.651515107839333,-2.187533260382814,1.5996189790430175,0.650690550375753,1.3189085689431737,-0.8586347592933417,1.990521595920572,-0.0867225014320997,0.0521621417388232,-0.1744813649107724,-0.0492577379492835,50.17258686575403,29.877377715735275,1.087921813781736,79.57798927527986,54.49780987142249,32.45301372571245,1.1817081770387825,86.43816076452813,51.35097285067874,100.99013812092649,4.825,232.0
no_gating,fold2,val,1240.0,0.0,1240,1240,233.0,0.0,233,233,233.0,0.0,233,233,-0.05607050758604104,0.09167884834174034,-0.1977141124469115,0.0252596442558783,-0.0604152773564194,0.09879466081393469,-0.21280619785658,0.0274668457020648,0.10395953683295303,0.005093189969432002,0.0995913626296093,0.1118119122928168,-0.5512353532851338,0.9013581354376934,-1.903251572151596,0.2757954603374277,-0.9786438070021586,1.5701669131630271,-3.3550366226616126,0.4407330665744385,-0.2895795037482911,0.6130920555646724,-1.0546903338961058,0.4565132536544378,-0.11930518966689554,0.0546886559272973,-0.2017712602622021,-0.0601665898682891,51.25946762453964,35.76388741460457,1.1097253613692588,99.1459009389195,55.67838724734479,38.8469811572429,1.205391340797643,107.69296136468844,51.853800865800864,100.73062171250548,3.66,232.0
no_gating,fold3,test,1239.0,0.0,1239,1239,233.0,0.0,233,233,233.0,0.0,233,233,0.0572614740446357,0.047367160416889056,0.0211387728169403,0.1341023938727825,0.06242771322080828,0.05177929763712944,0.0229818685377902,0.1464725727590763,0.1537336585700028,0.000783328253859902,0.1526032658979088,0.1544223971610463,0.4074349220061301,0.3400563406168701,0.1488247104066296,0.959825937520014,0.5488941364931367,0.45450190514004857,0.202963885773078,1.2852549044239785,0.508132632238637,0.4214594680212083,0.1870617511258966,1.1922188096748467,-0.1228571228456157,1.7526717494435863e-16,-0.122857122845616,-0.1228571228456156,4.164917076196803,3.344556589099477,0.9669736957025212,8.960780919334502,4.5239616517310095,3.6328804329873634,1.0503334970561868,9.733262033070234,132.2133333333333,91.9364200593722,45.4,232.0
no_gating,fold3,val,1239.0,0.0,1239,1239,233.0,0.0,233,233,233.0,0.0,233,233,0.1727843192332656,0.04414488812345364,0.1338537784218565,0.2381499296148193,0.1890719473750412,0.04865819534776676,0.1461995819850545,0.2611621556590018,0.10768981056745067,0.0012986835323073789,0.1061710103484195,0.1095097843713962,1.756951195295,0.4565646517193802,1.335036707671955,2.423987995318281,2.4229639431574617,0.7910053365686611,1.7297818451117597,3.591071352224483,3.1517573745923846,1.322538342231299,1.897491634491093,4.952261360689389,-0.06366732359864542,0.012461289059360994,-0.0770488677407346,-0.0527359395309956,14.145035461507002,5.880205230339886,7.17251159399972,23.513398784594727,15.364435070257608,6.387119474334704,7.790831558999696,25.540415921197724,32.25476190476191,11.84109044397915,17.666666666666668,50.75
no_gating,fold4,test,1239.0,0.0,1239,1239,233.0,0.0,233,233,233.0,0.0,233,233,0.18841141196349215,0.03976553587049795,0.153941256857939,0.2525194191633746,0.2062783760799176,0.04388946344636044,0.1682730673061694,0.2770684137243073,0.10866655230413869,0.0062270647741951195,0.1020650671816856,0.1180433567586693,1.9040929153206345,0.419724802350885,1.4719274304183934,2.543247298904001,2.7608212475514575,0.6817141928053643,1.966830687499617,3.5833092274086265,3.2074085794202176,0.4872283076229517,2.803468893049205,4.054908771568819,-0.06400317528760706,0.006012043552826915,-0.0714809267881004,-0.0566633288540601,35.045028415083166,32.408965003631515,2.8674686536105134,69.18956012223715,38.06615155431447,35.20284129704803,3.114664227197627,75.15417737415416,42.19419934640523,48.74891392502729,5.388888888888889,111.0
no_gating,fold4,val,1239.0,0.0,1239,1239,233.0,0.0,233,233,233.0,0.0,233,233,0.16659051315262668,0.1403609938561125,0.0464454117523127,0.4076257907701548,0.18280848558674587,0.15530154302240104,0.0505489260511771,0.4497323747510171,0.14120688244415355,0.008652288165690148,0.1306218364354997,0.1526685683360145,1.3113096242357205,1.112243822255179,0.3311023781917042,3.208925111780539,2.125229569079468,2.1488522617213923,0.4520976488368404,5.865507626719554,2.5886236736157713,2.1763864262970603,0.4244154570165211,6.243597160576314,-0.07816221702726267,0.02532089806469736,-0.1191024624939836,-0.0520378944433127,27.76279434787303,25.927890987413154,4.849807567638811,66.02756538688537,30.15613868820691,28.163054003569453,5.267894426918019,71.7195968857548,35.90924369747899,34.87922649995722,5.617647058823529,76.66666666666667
no_gating,fold5,test,1239.0,0.0,1239,1239,232.0,0.0,232,232,232.0,0.0,232,232,-0.08543241617668927,0.028973705784741895,-0.1283270332240028,-0.0576293855481991,-0.09279103720368491,0.03133251143212283,-0.1391426826550962,-0.0627007778420626,0.0603847969154227,0.004091978361698847,0.0545049815699087,0.0645235796207755,-1.540933472096174,0.5300441874732809,-2.360089837464468,-0.971749834875466,-2.219620494231198,0.8368256671886972,-3.4938125994000817,-1.4078746274615506,-0.9228663594570218,0.1511604438924565,-1.0365326067068314,-0.7067381450137494,-0.09902082478653614,0.022198701772913883,-0.136701524106804,-0.079051010487813,63.26400056070695,58.52789212564996,13.157266484161816,162.4175370982488,69.01527333895302,63.848609591618136,14.353381619085615,177.18276774354413,10.652026309415119,7.983299112474699,1.829268292682927,23.0
no_gating,fold5,val,1239.0,0.0,1239,1239,233.0,0.0,233,233,233.0,0.0,233,233,0.05196944800549854,0.07682890691103211,-0.0010971127893788,0.1822978336044496,0.056780565279502294,0.0840820916821411,-0.0011916351049674,0.1994895082473999,0.10517659162045608,0.0030027179078955073,0.1003987107122604,0.1077764671749767,0.5380863498753565,0.7861458214275456,-0.0114416229924072,1.8616643147223528,0.712612924816549,0.9827367869842778,-0.0171902130102539,2.3045158132818964,1.0183864660986177,1.5886352578733565,-0.0146376510594369,3.751508903028533,-0.07278677779494905,0.02295392862871881,-0.1091420063092428,-0.0531758056301973,58.78830104392166,22.344308051561942,26.1679847369558,89.16444596275399,63.85625803046664,24.270541504282797,28.423845490141648,96.85103613195692,7.563779888385005,3.70779079986154,4.155555555555556,13.923076923076923
no_gating,fold6,test,1239.0,0.0,1239,1239,232.0,0.0,232,232,232.0,0.0,232,232,-0.05132429633295038,0.11641517149566215,-0.1976628252842567,0.0864244661563247,-0.0552925351484657,0.12638129253035077,-0.2135663480614283,0.0946422900462071,0.15815129125064584,0.010552688417569797,0.147238629155219,0.1757827809250315,-0.37496921406624484,0.7921255602992394,-1.3659373957032444,0.5384047831543326,-0.4436452782692501,1.0630626746520004,-1.7595288454051752,0.8541241453993563,-0.20308406703985718,0.7395923009774872,-0.9197595214504856,0.6966285533867985,-0.16104326277772749,0.054050346794616004,-0.2321980290289667,-0.1042474550856292,53.93272238061244,39.26625396026471,7.01093481113902,94.82300924861288,58.83569714248629,42.83591341119786,7.648292521242566,103.4432828166686,18.60768410852713,22.782726209599513,3.8333333333333335,57.0
no_gating,fold6,val,1239.0,0.0,1239,1239,232.0,0.0,232,232,232.0,0.0,232,232,-0.032391834140908876,0.11445025799923322,-0.1519131091493741,0.1265907234252417,-0.03475344274470834,0.1246694281548297,-0.1645221748898163,0.1388648429536758,0.06414581309376688,0.003511082645072626,0.0594122233858463,0.0678240819359135,-0.5596303136615759,1.8881905560857182,-2.425719157470823,2.062637979567255,-0.8708668111466629,2.66006698951891,-3.540930088674616,2.7358394791930736,0.4549642785711109,2.2262912013611618,-1.0538377709861404,4.143626705594329,-0.0866300457933789,0.05330489443658594,-0.1561171742173018,-0.0335128747882124,53.40610532151815,44.37633479312585,1.0835930114750685,114.11661001253805,58.26120580529251,48.41054704704637,1.1821014670637109,124.49084728640511,52.571768551814316,99.85992597338556,3.0526315789473686,231.0
no_gating,fold7,test,1240.0,0.0,1240,1240,233.0,0.0,233,233,233.0,0.0,233,233,-0.10149476838459962,0.1269814903142669,-0.2416319981372517,0.0425758254049772,-0.10907438993105159,0.13651146094097252,-0.2595004005067364,0.0463299457526877,0.1154395236126458,0.0015476454570652804,0.1129262710258805,0.1169334028384951,-0.9480337329022734,1.1869166284870725,-2.2192153328946604,0.401686563084033,-1.2564094290497712,1.577861811654609,-3.037226742326327,0.5012769052278875,-0.4288459640110215,0.5755648888724816,-0.9410327335952244,0.4438115549275714,-0.17681680489263865,0.08922291974956387,-0.2757612899556774,-0.104391030919077,22.339304230563812,10.896874939528544,14.774707374634708,41.58101213179724,24.265106319405522,11.836260710177555,16.04838904486184,45.16558214315907,21.20531746031746,6.854602678847087,9.857142857142858,28.125
no_gating,fold7,val,1240.0,0.0,1240,1240,232.0,0.0,232,232,232.0,0.0,232,232,0.04149503857961554,0.13166041059479475,-0.0540291550817495,0.2549764945094577,0.04599517646535507,0.14481757300052517,-0.0587937121938088,0.2811573238134797,0.16855543592413863,0.005435954338385424,0.1601882145154116,0.1733526770360363,0.2876996694113672,0.8936245952115535,-0.3482981037765882,1.755168597540174,0.5402041270983726,1.437613267445416,-0.445649138324738,2.934028814296594,0.7113559279380092,1.5795173213714033,-0.2913683335885542,3.4072057414089065,-0.15876117255356503,0.059491359024100667,-0.2017848386943529,-0.0825184462436421,11.798618332871564,13.823059299777672,0.9650190609593954,35.0919951668604,12.871219999496251,15.079701054302914,1.0527480665011586,38.28217654566589,86.86092436974789,85.87553021173288,12.411764705882351,227.0
no_gating,fold8,test,1239.0,0.0,1239,1239,93.0,0.0,93,93,93.0,0.0,93,93,0.0803686915039813,0.08272398162828325,-0.0226261329319964,0.2032719158340166,0.2497178256878651,0.265983191224578,-0.0607633667680571,0.6600718180822003,0.4874741211078401,0.01553439124126238,0.4724015912873098,0.5091399894023132,0.5156681505622088,0.5421196103608039,-0.119345107500568,1.354295842891769,0.7579370020198427,0.851810849580017,-0.166328082084328,2.121099459795427,1.3441749273513959,1.5225099625629899,-0.2114384216321834,3.797243118231648,-0.22084137431348996,0.043951370911393006,-0.2873809135491969,-0.1738292222884037,5.25532569789587,0.07539292655619254,5.166901930157932,5.325240605261939,14.395022563801735,0.20651105969739691,14.1528183304326,14.58652861441314,28.866666666666667,1.2605113600792714,27.33333333333333,30.0
no_gating,fold8,val,1239.0,0.0,1239,1239,233.0,0.0,233,233,233.0,0.0,233,233,-0.14134216031132613,0.04920005053259455,-0.1802896486596531,-0.0604090235298691,-0.15244558956949436,0.05285738038752447,-0.194218388762597,-0.0654426047643168,0.11609658164566299,0.0023190601982365695,0.1135484319011227,0.1186600404116768,-1.3080626083446285,0.4389876470196585,-1.636763211008352,-0.5729078861513597,-2.1600361221744544,0.7892897206401671,-2.826123185329162,-0.8631618892468501,-0.9448928385922926,0.21189215446247409,-1.0612949939583498,-0.5716735403706291,-0.15730407601932972,0.03156874133463938,-0.1830013237301853,-0.1144754831960368,7.953302586919321,7.184924445166868,1.0938602254890055,17.06130712440814,8.638932120274436,7.804314483543322,1.188158520789782,18.532109462719184,114.47460317460317,107.420325082671,24.444444444444443,232.0
no_sentiment,fold1,test,1241.0,0.0,1241,1241,233.0,0.0,233,233,233.0,0.0,233,233,0.1821842916212879,0.052514931292760275,0.1233131086706664,0.2470847856357496,0.199452925010349,0.05788192494848287,0.1346302201673326,0.2710507048108941,0.10540797317709946,0.005058157513272227,0.0977435161405722,0.1105939548249557,1.9059184177741741,0.6133809956940779,1.2488969283683122,2.773081177283166,2.7498475916395995,1.00100264788196,1.6577756351429156,4.085954414380014,3.5004738166602216,1.0862641944521259,2.2261258457110182,4.850474108140875,-0.057512209408834725,0.006046255849505339,-0.0659066289515636,-0.0497335058411683,61.79929829364744,40.373592977804684,19.231136156306004,107.84270463124308,67.12682400861704,43.85407513106371,20.8889927215048,117.1394895132468,9.828011396011396,7.197844071588517,3.185185185185185,19.8
no_sentiment,fold1,val,1241.0,0.0,1241,1241,231.0,0.0,231,231,231.0,0.0,231,231,0.08038936915334231,0.006263466647273839,0.0725632702078435,0.087498759756466,0.08841105230517156,0.006913109460935659,0.0797741819258195,0.0962592261104264,0.1290035596124469,0.0026925694863262867,0.124219467263113,0.130459080290118,0.6861080028830733,0.06368970835944597,0.6127708532247431,0.7749125658906335,1.061255792275059,0.09069440953129629,0.9562333967507496,1.1721411607668375,0.9190602272052502,0.07047132992953285,0.8235209399136203,1.0041225495230386,-0.09619277853415911,0.0010462801684521293,-0.0968696460033998,-0.0944909327280643,14.01975593288877,21.072128885859286,0.946958226326442,50.23159368829203,15.360776065599868,23.08772382276756,1.037536839279406,55.03635482369387,122.123,106.28385058417858,8.24,230.0
no_sentiment,fold2,test,1240.0,0.0,1240,1240,233.0,0.0,233,233,233.0,0.0,233,233,0.0843725455553689,0.11492380138139796,-0.1073176727328832,0.1856410789402738,0.09244593366430244,0.1251342246381983,-0.1160113825257044,0.2031742177019337,0.09832901224630788,0.005571304214687109,0.0903883914016831,0.104449335083446,0.9700214197029208,1.2515337118378214,-1.110695270898769,2.0892417847083697,1.509368382429028,2.005287138998872,-1.7317010221900764,3.4605610943517253,1.6385497126036654,1.5838806230396738,-0.8039051977428766,3.517387232937375,-0.08087296106163061,0.035980539823254526,-0.1443097803714037,-0.0577628234387667,47.7274404229358,16.89717347319023,29.34790017282348,63.12766317290291,51.84187494215441,18.35382635881008,31.877891567032403,68.56970310160145,9.232456896551724,4.329209494405911,5.53125,14.266666666666667
no_sentiment,fold2,val,1240.0,0.0,1240,1240,233.0,0.0,233,233,233.0,0.0,233,233,0.029215194377787402,0.10935131983019909,-0.1303461052777053,0.158296358227012,0.03221528930891202,0.11887260359990634,-0.1407536585593918,0.173063139410347,0.10181196474171779,0.0037589240645482477,0.0963350750029259,0.1054773967424903,0.33135069921989563,1.147951524499738,-1.3344438041358186,1.6606733542283652,0.4865954209463868,1.9212832691355484,-2.3791907885378456,2.451023995293919,0.8594529465798686,1.662883085450286,-1.0446010915745112,3.304546020320559,-0.08038491830815357,0.03443619131133609,-0.1347439321044897,-0.0523712299196725,44.9680979142167,23.59387546428808,15.010225110554371,66.7075134439137,48.84465807923538,25.627830245692223,16.304210033878025,72.45816115459591,12.267253987842222,9.33412107498382,5.787878787878788,27.25
no_sentiment,fold3,test,1239.0,0.0,1239,1239,233.0,0.0,233,233,233.0,0.0,233,233,-0.0017382276536137206,0.06176539459837961,-0.105124665097756,0.0444651993275053,-0.0017420151581081012,0.06689869080881154,-0.1136522714681753,0.0483897473046635,0.15249744757414013,0.001471717757302477,0.150750415634286,0.1544223971610463,-0.012012922755841348,0.43986106802207514,-0.7476416535397722,0.3209924636098842,-0.021191825608368443,0.5909366599977908,-1.0131954654921222,0.4087952541339564,0.028610371373485523,0.4622273362084358,-0.7208798788812409,0.4036210344795524,-0.12922362830629092,0.01594700871090005,-0.1576577108027433,-0.1198890621918639,4.535898428435049,3.8640342687554154,0.9669736957025212,11.00889035026078,4.926924155024278,4.19714067123433,1.0503334970561868,11.957932621834985,113.3,73.86083009432146,34.333333333333336,232.0
no_sentiment,fold3,val,1239.0,0.0,1239,1239,233.0,0.0,233,233,233.0,0.0,233,233,0.1604050647870229,0.036865671218457026,0.1276982402780155,0.2205565103501656,0.17542710886484367,0.04060504631178755,0.1394421766508136,0.2417088565311316,0.10837464792449909,0.0013728263847523439,0.1062283071097134,0.1096207419621819,1.6191886991435473,0.3737529942948571,1.2720418978638162,2.213541066568408,2.210047530890809,0.6413571791597247,1.643126578652799,3.277510434352035,2.7198163008429193,1.128054399659494,1.8097887839186608,4.583380113841828,-0.06799343709232189,0.011429522935046336,-0.0770488677407345,-0.0527359395309958,16.522455894683837,2.9054325060922332,13.429082634364772,21.028312542133698,17.94680554077727,3.155900825582947,14.586762171810012,22.841098106110746,25.60815295815296,5.379940094798341,17.727272727272727,32.285714285714285
no_sentiment,fold4,test,1239.0,0.0,1239,1239,233.0,0.0,233,233,233.0,0.0,233,233,0.15420223604831923,0.017337173499994606,0.1313557099146978,0.1802212980766417,0.16856993206738377,0.019069275310272152,0.1434568787279189,0.1972013366814524,0.11799843446010849,0.0007636032423617993,0.1166978806087859,0.1184583750145229,1.4282073009522693,0.15799356569073397,1.2293014918483307,1.6723433711993825,1.9056890385705116,0.2185689867451643,1.6103139262820505,2.2275724354557638,2.8054220623041517,0.45526917488973084,2.1952383095649437,3.4802285829227686,-0.06048100054440002,0.003108092497960289,-0.0653491140815365,-0.0566633288540601,6.215280827188338,8.822992072717302,0.9191553270912796,21.26628505268787,6.751080898497679,9.583594837606727,0.9983928552888036,23.099585488264413,154.66818181818184,106.70282891445338,20.09090909090909,232.0
no_sentiment,fold4,val,1239.0,0.0,1239,1239,233.0,0.0,233,233,233.0,0.0,233,233,0.03526225031784594,0.03038886458224186,0.0211387728169403,0.089597788867803,0.03839282163552358,0.03316247389212227,0.0229818685377902,0.0976877506514226,0.15421492723508906,0.00045017347731946065,0.1534098618585647,0.1544223971610463,0.2494624370517875,0.21661548741801795,0.1488247104066296,0.6367762115677104,0.33846726212856154,0.2917551931160312,0.202963885773078,0.8601368625365424,0.317513015561523,0.2811320696766296,0.1870617511258966,0.8201992520209841,-0.12210619077528932,0.0016791351557345524,-0.1228571228456162,-0.1191024624939836,3.368579025075035,4.317962628949958,0.9669736957025212,10.928346863430589,3.6589737686159864,4.690200786618059,1.0503334970561868,11.870445730967708,169.8,89.5241587505853,37.5,232.0
no_sentiment,fold5,test,1239.0,0.0,1239,1239,232.0,0.0,232,232,232.0,0.0,232,232,-0.02186862584607848,0.027641606446865963,-0.0499312601759504,0.0098706080760961,-0.0238018915084933,0.030095150723643663,-0.0543449228623754,0.0107727528854872,0.06166822931330027,0.004399476983461823,0.0567284691699593,0.0658195994871944,-0.41311236798623635,0.5224989916074679,-0.9521914928009813,0.1681808440352538,-0.5946389520513471,0.7461445143783313,-1.4497122011954224,0.2336255573407249,-0.2971202575281572,0.39979992042401524,-0.7998223926455741,0.1484438338235794,-0.07007512691116473,0.020092045402503644,-0.0932811434153176,-0.0384437294838434,40.47534600433907,25.00625394063964,19.038968268286094,75.9316131470707,44.15492291382444,27.27954975342506,20.769783565403014,82.83448706953168,13.032854864433812,6.914988349755297,4.815789473684211,20.7
no_sentiment,fold5,val,1239.0,0.0,1239,1239,233.0,0.0,233,233,233.0,0.0,233,233,0.11678474376510226,0.08180142253132372,-0.0022896773800102,0.2243480037896879,0.12769730025741996,0.08963739377174611,-0.0024868177339488,0.2458991345911394,0.11334336419311049,0.0013539749741642705,0.1118656488352867,0.1147065998515269,1.125056867874738,0.7837128427950538,-0.0219151697028322,2.143722635920029,1.5436126622418183,1.0970335215662004,-0.0291217376739745,3.001961438101004,2.405638295647017,1.6780261935999115,-0.0256610478290639,4.624267214702988,-0.06192268806305157,0.0195586237110612,-0.0969102177944692,-0.0531758056301971,47.70067871356651,16.902040085955786,29.00587275023581,74.96339216778769,51.81280618887397,18.359112507158873,31.506379021807863,81.42575356156249,9.262083469543423,3.2618585899552213,5.078947368421052,14.066666666666666
no_sentiment,fold6,test,1239.0,0.0,1239,1239,232.0,0.0,232,232,232.0,0.0,232,232,-0.09928895096681244,0.04303079849645465,-0.1587690460752193,-0.0554546810452449,-0.10772972949212711,0.04646336710513462,-0.1718874664976769,-0.0603408927473957,0.1658631201152601,0.009294408396472487,0.149311258808309,0.1714974494948849,-0.6621189986195809,0.32473846377644905,-1.1512023130040852,-0.3518471728012227,-0.8116952022588915,0.35703012840256526,-1.352570607643331,-0.4719778489305594,-0.5604763030000146,0.2952855327100405,-1.011464769375829,-0.2723671350675102,-0.19936723147245938,0.018542439567063116,-0.221542487982037,-0.1699391532972008,35.809419698401165,29.40331440575855,7.026251304081273,81.03788181005937,39.06482148916491,32.07634298810023,7.665001422634115,88.40496197461022,22.663067133727104,21.26143209225004,4.658536585365853,56.75
no_sentiment,fold6,val,1239.0,0.0,1239,1239,232.0,0.0,232,232,232.0,0.0,232,232,0.002279113545321476,0.10708875932928058,-0.1226816296820912,0.1716834122818447,0.0029334226628079385,0.1171447935094341,-0.1330586892863543,0.1886822064233435,0.06492194311067281,0.0027458870383052095,0.0608240077128381,0.06783387512535,-0.003953205929658044,1.795350593578823,-2.187601479904941,2.7815336522449634,-0.03427472703961012,2.4301233000830993,-3.060054199166916,3.6831947660007542,0.90929563421678,3.007792558729533,-1.0474538478913409,6.223135163378743,-0.06675522859090416,0.03694917584897592,-0.1270305985836212,-0.0303194774771534,24.456276426968667,20.954187222462956,0.9253067910127288,45.19368884628052,26.679574283965813,22.85911333359595,1.009425590195704,49.3022060141242,73.07680306905371,96.83968406824177,9.08695652173913,231.0
no_sentiment,fold7,test,1240.0,0.0,1240,1240,233.0,0.0,233,233,233.0,0.0,233,233,-0.12917310423845468,0.09000456304168554,-0.2105565470526601,-0.0051940232199549,-0.13915429484738578,0.09676813933766122,-0.2264838390001466,-0.0056405187547515,0.11402232966991403,0.0024514139122276332,0.1111057887772284,0.1172078941196785,-1.2173070961228345,0.8437881721478433,-1.964439703793822,-0.0493092285705436,-1.6646315433647803,1.1418773126175223,-2.698292566906893,-0.0610325919010278,-0.6529415580287183,0.36711060805644086,-0.9174485350770378,-0.0621642751604524,-0.18379210704918125,0.06921444511558697,-0.2552613419968528,-0.0907356957061401,26.60032302388641,7.439734355209884,21.05329154581641,36.37803582298771,28.893454319049034,8.081090765141772,22.8682304721799,39.51407339393493,16.662257247396564,4.431186916357877,11.263157894736842,20.181818181818183
no_sentiment,fold7,val,1240.0,0.0,1240,1240,232.0,0.0,232,232,232.0,0.0,232,232,0.08431010777950079,0.15010477935464134,-0.0830214505634636,0.2736696137305618,0.09314321961620606,0.1651580644022744,-0.0902181186507002,0.3019892694320127,0.16994754677871138,0.005430569447787722,0.1615844801234519,0.1759308832641277,0.567122835368482,0.9974924201705979,-0.5214670685851879,1.8689249685445684,0.8940431658233479,1.47895252091548,-0.6557342589017408,2.7822007267831763,1.0783793053313566,1.5795304418169822,-0.4471005811658383,2.926545471358968,-0.11697601458160914,0.048234132996751826,-0.2017848386943532,-0.0869493108645781,18.85237299624052,17.384291760447258,8.980958275363951,49.615200099454064,20.566225086807837,18.964681920487916,9.797409027669763,54.125672835768064,32.73533333333333,15.72427769052966,7.96,45.4
no_sentiment,fold8,test,1239.0,0.0,1239,1239,93.0,0.0,93,93,93.0,0.0,93,93,-0.059551890030416076,0.035858123375570906,-0.115930292192769,-0.0249314907844329,-0.15247187905227033,0.08629594683449036,-0.2864579517088462,-0.0668192040851228,0.5085634824962925,0.0025288941393701463,0.5041787991726387,0.5106599997172461,-0.30043413091371435,0.17173554252991044,-0.568167388590964,-0.1308487136688224,-0.41705636557724846,0.24377249380239244,-0.7953760191384766,-0.1766958035504405,-0.5305567345068957,0.30028419691733405,-0.996788367644351,-0.2325109321280102,-0.28738091354919687,6.206335383118183e-17,-0.2873809135491969,-0.2873809135491968,6.213665694343395,1.1464985894998576,5.362160531969876,7.482892412365313,17.020040814940604,3.1404091799343923,14.687657109308793,20.496618346913685,26.56666666666667,3.9499472570318375,22.25,29.666666666666668
no_sentiment,fold8,val,1239.0,0.0,1239,1239,233.0,0.0,233,233,233.0,0.0,233,233,-0.10243362204764435,0.04204256045244953,-0.1637419309578066,-0.0543868525376251,-0.11068323317071171,0.04520868077411715,-0.1765342861748373,-0.0589345303496953,0.11592101084757597,0.002411636791575814,0.1130523320909022,0.1185210736699071,-0.9579148739249785,0.40088994678519446,-1.5529870190019903,-0.497249379581506,-1.4340338711675678,0.6921084037870369,-2.379282381437939,-0.6649676534116341,-0.6921028341856349,0.2609054297775292,-1.054714373216031,-0.4434163780540935,-0.16058297987710743,0.03298170165358494,-0.2038556245731105,-0.1225511527000274,12.618368708242448,3.184315511710106,7.204829375795025,14.960383009121108,13.706159114125418,3.4588254696161504,7.82593535646701,16.250071199562584,35.325,12.150367950252809,27.75,56.75
